number,word,meaning
1,agree,[自] ①賛成する ②（主語の中で）意見が一致する ③（with ～）（気候，食べ物が）（～に）合う
2,oppose,[他] ～に反対する
3,advise,[他] ～に忠告する
4,tip,[名] ①助言，ヒント ②チップ ③（足や山などの）先，先端（いずれも〈可算〉）
5,discuss,[他] ①～について話し合う，議論する ②～を話題に出す
6,blame,[他] ～に責任があるとする
7,argue,[他] ①（that S V）～と主張する [自] ②（with ～）（～と）言い争う
8,claim,[他] ①（that S V）～と主張する ②～を要求する，主張する [名] ③主張，要求
9,complain,[自] ①文句を言う，苦情を言う ②（of ～）（病気などを）訴える
10,offer,[他] ①～を申し出る [名] ②申し出 ③値引き
11,suggest,[他] ①～を示唆する ②～を提案する
12,recommend,[他] ～を推薦する，勧める
13,grateful,[形] 感謝している
14,apologize,[自] （to ～）（～に）謝る
15,excuse,[名] ①言い訳 [他] ②～を許す ③（A from B）（B からA）を免除する
16,celebrate,[他] ①～を祝う ②（儀式など）を挙行する，執り行なう
17,admire,[他] ～に感心する，称賛する
18,impress,[他] ～に感銘を与える，～を感心させる
19,award,[名] ①賞 [他] ②～を授与する
20,describe,[他] ～を説明する
21,explain,[他] ～を説明する
22,communicate,[自] ①（with ～）（～と）意思の疎通をはかる [他] ②～を伝える
23,express,[他] ①（意見，気持ち）を表現する [名] ②急行（列車，バス）
24,promise,[名] ①約束 [他] ②～を約束する
25,information,[名] 情報〈不可算〉
26,technology,[名] （科学）技術
27,research,[名] ①（学術）研究 [他] ②～を研究する
28,material,[名] ①材料，生地 ②資料，教材 [形] ③物質的な ④重大な
29,artificial,[形] 人工的な
30,electric,[形] 電気の，電動の
31,invent,[他] ①～を発明する ②（話など）をでっち上げる
32,discover,[他] ①～を発見する ②（that S V）～を知る，～に気がつく ③（知るという意味で）～に出会う
33,develop,[自] ①発達する [他] ②～を発達させる ③～を開発する ④（話，考え）を発展させる ⑤（病気）にかかる
34,skill,[名] 技術，力
35,ability,[名] 能力
36,talent,[名] 才能
37,effort,[名] 努力
38,practice,[名] ①練習 ②実践 ③慣習 [他] ④～を練習する ⑤～を実践する
39,game,[名] ①試合，ゲーム〈可算〉 ②獲物〈不可算〉
40,achieve,[他] ～を達成する
41,manage,[他] ①（to do）何とかして～する ②～を経営する，管理する
42,improve,[他] ①～を改善する，磨く [自] ②よくなる
43,produce,[他] ①～を生産する，産出する ②（見せるために）～を取り出す [名] ③農作物〈不可算〉
44,create,[他] ①～を創造する ②～を引き起こす
45,establish,[他] ①～を確立する，定着させる ②～を設立する
46,save,[他] ①（時間，手間）を省く ②～を貯金する ③（命など）を救う [前] ④～を除いて（＝except）
47,medicine,[名] ①（for ～）（～の）薬 ②医学
48,patient,[名] ①患者 [形] ②忍耐強い
49,condition,[名] ①状態，容態 ②（通例 －s）（周囲の）状況，条件
50,medical,[形] ①医療の ②医学の
51,stress,[名] ①ストレス ②（on ～）（～に対する）強調 [他] ③～を強調する
52,suffer,[自] ①（from ～）（病気などで）苦しむ [他] ②（苦痛，損害）を経験する
53,exercise,[名] ①運動 ②（－s）練習 [自] ③運動する [他] ④～を行使する
54,breathe,[自] 呼吸する，息をする
55,thirsty,[形] ①のどが渇いた ②（for ～）（～を）切望して
56,physical,[形] ①身体的な ②物理的な
57,fever,[名] ①（体温の）熱 ②熱狂
58,strength,[名] ①（physical －）体力 ②力
59,tear,[名] ①（通例 －s）涙〈可算〉 [他] ②（up）～を引き裂く
60,taste,[自] ①～の味がする [他] ②～の味をみる [名] ③味 ④好み
61,rule,[名] ①規則 [他] ②～を支配する
62,role,[名] 役割
63,habit,[名] 習慣，癖
64,custom,[名] ①習慣 ②（－s）税関
65,tradition,[名] 伝統
66,society,[名] ①社会〈不可算〉 ②（ある具体的な）社会〈可算〉 ③（one's －）～と同席すること ④協会
67,law,[名] ①（the－）（集合的に）法律，国法 ②（個々の）法律 ③（科学などの）法則
68,ancestor,[名] 祖先
69,population,[名] ①人口，個体数 ②（一定の地域に住む）住民
70,native,[形] ①母国の，その土地の [名] ②（ある土地の）生まれの人
71,abroad,[副] 海外へ，海外で
72,local,[形] ①その土地の，地元の ②地方の [名] ③ 地元の人
73,survey,[名] ①調査〈可算〉 [他] ②～を調査する
74,evidence,[名] 証拠〈不可算〉
75,value,[名] ①価値 ②（－s）価値観 ③お買い得品〈不可算〉 [他] ④～を重んじる
76,treasure,[名] ①財宝，宝 ②大事な物［人］ [他] ③（思い出など）を大事にする
77,fashion,[名] ①流行 ②流儀，やり方 [他] ③（手などで）～を作る
78,public,[名] ①（the －）大衆 [形] ②公の，公共の
79,vote,[名] ①投票（数） [自] ②投票する
80,government,[名] 政府
81,nation,[名] ①国家 ②（the －） 国民
82,capital,[名] ①首都 ②資本 [形] ③重大な，死に値する
83,state,[名] ①州 ②状態 ③国家 [他] ④（意見，情報）を述べる
84,political,[形] 政治的な，政治の
85,price,[名] ①価格 ②（－s）物価 ③代償
86,cost,[他] ①（費用）を要する，～がかかる ②～を犠牲にする [名] ③費用，犠牲
87,sum,[名] ①（修飾語を伴って）金額 ②合計 ③（簡単な）計算 [他] ④（up）～を要約する
88,budget,[名] 予算
89,fee,[名] ①（会費，遊園地などの）料金 ②（専門職への）謝礼
90,fare,[名] 運賃
91,bill,[名] ①勘定 ②請求書 ③〈米〉紙幣 ④法案
92,trade,[名] ①貿易 ②（the ～ trade）～業 ③商売 [他] ④～を交換する
93,wealth,[名] ①富，財産〈不可算〉 ②（a － of ～）豊富な～
94,economy,[名] ①経済 ②節約
95,company,[名] ①会社 ②（one's －）一緒にいること ③仲間 ④来客
96,task,[名] 仕事〈可算〉
97,earn,[他] ①（金）を稼ぐ，もうける ②（評判など）を得る
98,hurt,[自] ①（身体の部位が）痛む [他] ②（身体，感情）を傷つける
99,injure,[他] ①～を痛める ②～をけがさせる
100,damage,[他] ①～に損害を与える [名] ②損害，被害〈不可算〉 ③（－s）賠償金
101,destroy,[他] ①～を（完全に）破壊する ②～を殺す，全滅させる
102,ruin,[他] ①～を台無しにする ②～を破滅させる [名] ③（－s）廃墟，荒廃
103,danger,[名] 危険
104,neighbor,[名] ①近所の人 ②（a next-door －）隣の人
105,audience,[名] 聴衆，観客
106,crowd,[名] 群衆
107,author,[名] ①著者 ②作家
108,staff,[名] （集合的に）職員，従業員
109,clerk,[名] ①〈米〉店員 ②事務員，社員
110,customer,[名] 客
111,passenger,[名] 乗客
112,elderly,[形] ①年配の ②（the －）年配の人々
113,female,[形] ①女性の ②（動物）雌の [名] ③女性，雌
114,head,[自] ①向かう [他] ②～を率いる
115,follow,[他] ①～の後について行く，～に続く ②（忠告，方針など）に従う
116,wander,[自] 歩き回る，さまよう
117,travel,[自] ①旅行する，移動する ②（光，音などが）進む
118,pass,[他] ①～を通り過ぎる ②～を抜く ③（試験）に受かる ④（（人）A）（人）に（A を）渡す [自] ⑤（時が）過ぎる [名] ⑥通行証
119,likely,[形] ①（to do）～しそうだ，可能性が高い [副] ②おそらく
120,natural,[形] ①当然の ②自然の ③生まれながらの
121,certain,[形] ①確かな ②（名詞の前で）ある～
122,probably,[副] おそらく
123,face,[他] ①～に直面する ②〈方向〉～向きである [名] ③顔，体面
124,avoid,[他] ～を避ける
125,solve,[他] ～を解決する
126,trouble,[名] ①問題，ごたごた（通例〈不可算〉） [他] ② ～を困らせる
127,issue,[名] ①問題 ②（雑誌の）号 [他] ③（切手など）を発行する
128,cheer,[他] ①（on）～に声援を送る ②（up）～を励ます
129,encourage,[他] ①（A to do）（A）に（～するよう）促す，奨励する ②～を励ます
130,support,[他] ①～を支持する ②（家族など）を養う ③（理論など）を立証する [名] ④支持，支援
131,prevent,[他] ①～を妨げる ②～を予防する
132,deny,[他] ①～を否定する ②〈S V O1 O2〉（O1）に（O2を）与えない
133,enable,[他] （A to do）（A）に［が］（～することを）可能にする
134,succeed,[自] ①（in ～）（～に）成功する ②（to ～）（家業などを）継ぐ
135,miss,[他] ①～を逃す ②～を休む ③～を恋しく思う
136,fail,[自] ①（in［at］～）（～に）失敗する ②（to do）～できない [他] ③（試験）に落ちる ④（人）に役に立たない
137,mistake,[名] ①間違い [他] ②（A for B）（A）を（B と）間違える
138,check,[他] ①～を調べる ②～を阻止する [名] ③小切手 ④勘定書 ⑤検査，点検 ⑥抑制
139,hide,[他] ①～を隠す [自] ②隠れる
140,draw,[他] ①（線で絵など）を描く ②（注意）を引く ③ ～を引っ張る，集める
141,join,[他] ①（クラブ，団体など）に加わる ②～をつなぐ ③（食事などを）～とともにする [自] ④（議論，活動などに）参加する
142,throw,[他] ①～を投げる ②（away［out］）～を捨てる ③（パーティなど）を催す [名] ④投げること
143,operate,[他] ①（機械など）を操作する [自] ②手術する ③（機械などが）作動する，（組織が）運営される
144,repair,[他] ①～を修理する ② ～を修復する [名] ③ 修理，修復
145,sew,[他] ①～を縫う ②（on）（ボタンなど）を縫いつける
146,raise,[他]① ～を上げる ②（子ども，作物）を育てる ③（お金，資金）を集める ④（問題）を提起する [名]⑤賃上げ，昇給
147,serve,[他] ①（飲食物）を出す ②～に役立つ [自] ③ 役立つ
148,pour,[他] ①～を注ぐ [自] ②降りそそぐ
149,spill,[他] ①～をこぼす [名] ②（石油などの）流出
150,pretend,[自] （to do / that S V）（～する/ ～である）ふりをする
151,behave,[自] ふるまう
152,bear,[他] ①（can －）～に耐える ②～を持つ ③～を産む
153,explore,[他] ①～を探検する，（街など）を探索する ②（問題など）を探る
154,happen,[自] ①（to ～）（～に）起こる ②（to do）偶然～する
155,appear,[自] ①現れる ②（to be ～）～のように思える
156,remain,[自] ①～のままでいる ②残る
157,survive,[自] ①生き残る [他] ②～から生き延びる，～の後も存続する
158,belong,[自] （to ～）①（～に）所属している ②（～の）所有物である
159,represent,[他] ①～を代表する ②（記号などが）を表す ③～を表現する
160,base,[他] ①～の基礎を置く [名] ②基礎（の部分），基盤 ③基地
161,include,[他] ～を含む
162,contain,[他] ①～を含む ②～を抑える
163,own,[形] （所有格の後で）①自分自身の ②（名詞的に）自分自身のもの [他] ③～を所有している
164,share,[他] ①～を共有する ②（考えなど）を（人に）伝える [名] ③共有 ④分け前
165,collect,[他] ①（同種の物）を集める ②～を徴収する，回収する
166,gather,[他] ①～を集める [自] ②集まる
167,history,[名] ①歴史 ②履歴，前歴，病歴
168,subject,[名] ①科目 ②話題 ③被験者 [形] ④（be － to ～）～を受けやすい
169,education,[名] 教育
170,knowledge,[名] 知識，知っていること
171,uniform,[名] ①制服 [形] ②同一の，一定の
172,grade,[名] ①（小，中，高の）学年 ②等級 ③成績
173,senior,[名] ①（高校，大学の）最上級生 [形] ②高齢者の ③（地位が）上位の
174,graduate,[自] （from ～）（～を）卒業する
175,decide,[他] ①（to do）（～すること）を決定する，決心する [自] ②（on ～）（～を）決める
176,judge,[他] ①～を判断する [名] ②裁判官，審判（員）
177,quit,[他] ～を（完全に）やめる
178,retire,[自] （from ～）（～を）引退する，退職する
179,review,[名] ①再検討 ②（新聞などの）批評 ③復習
180,choose,[他] ①～を選ぶ [自] ②選ぶ
181,imagine,[他] ～を想像する
182,guess,[他] ①～を推測する [名] ②推測
183,expect,[他] ①～を予期する ②（A of［from］ B）（B にA）を期待する ③（be －ing）（～を）身ごもっている
184,predict,[他] ～を予測する
185,remember,[他] ①（doing）（過去にしたこと）を覚えている ②（to do）（～すること）を覚えている ③（me to ～）（～に）よろしく伝える
186,remind,[他] ①（A of B）（A）に（B のことを）思い出させる ②（（人）to do）（人）に～するように念を押す
187,realize,[他] ①～を（はっきり）理解する ②（夢，計画など）を実現する
188,appreciate,[他] ①～を（正しく）理解する ②～のよさがわかる ③～に感謝する
189,accept,[他] ～を受け入れる
190,consider,[他] ①～をよく考える，考慮する ②（人の気持ち）を思いやる ③（A （to be） B） （A）を（B と）みなす
191,mind,[自] ①気にする [名] ②精神，頭脳 ③（才能，知性のある）人
192,wonder,[他] ①（wh－節 / if S V）～かなと思う [自] ②（at ～）（～に）驚く
193,seem,[自] ～のように思われる
194,compare,"[他] ①（A with［to, and］ B）（A）を（B と）比較する ②（A to B）（A）を（B に）例える [自] ③（with［to］～）（～に）匹敵する"
195,concentrate,[自] ①（on ～）（～に）集中する [他] ②（A on B）（A）を（B に）集中させる
196,focus,[自] ①（on ～）（～に）焦点を当てる，力を注ぐ [名] ②焦点
197,allow,[他] ①（人が）～を許可する ②（物が）～を可能にする
198,admit,[他] ①～を認める ②～の入場［入学］を許可する
199,ground,[名] ①地面 ②根拠
200,pollution,[名] 汚染，公害〈不可算〉
201,sight,[名] ①光景 ②視力
202,view,[名] ①眺め，景色〈可算〉 ②見解，見方〈不可算〉 [他] ③（A as B）（A）を（B と）みなす
203,landscape,[名] ①風景 ②（the －）（政治，社会の）情勢
204,nature,[名] ①（無冠詞）自然 ②（しばしばthe － of ～） （～の）性質
205,seed,[名] ①種 ②シード選手
206,plant,[名] ①植物 ②（大規模な）工場 [他] ③～を植える
207,bloom,[自] ①（花が）咲く [名] ②開花
208,harvest,[名] ①収穫 [他] ②～を収穫する ③（臓器，体液など）を摘出する
209,insect,[名] 昆虫
210,earthquake,[名] 地震
211,temperature,[名] ①温度，気温 ②体温
212,degree,[名] ①（温度などの）度 ②程度 ③ 学位
213,flood,[名] ①洪水 [他] ②～を水浸しにする
214,freeze,[自] ①凍る，凍りつく [他] ②～を凍らせる
215,reflect,[他] ①～を反射する ②～を反映する [自] ③（on ～）（～を）熟考する
216,polite,[形] （人，言動が）礼儀正しい
217,rude,[形] 無礼な，不作法な
218,lonely,[形] 孤独な
219,lazy,[形] ①（やる気がなく）怠惰な，いい加減な ②（名詞の前で）くつろいだ
220,strict,[形] 厳しい
221,ugly,[形] 醜い
222,intelligent,[形] 知的な，賢い
223,silly,[形] ばかな
224,nervous,[形] ①あがって，落ち着かない ②神経質な，臆病な ③（身体の）神経の
225,awake,[形] 目を覚まして
226,attitude,[名] 態度，姿勢
227,character,[名] ①性格，特徴 ②登場人物 ③文字
228,characteristic,[名] ①特徴〈可算〉 [形] ②特有の，特徴的な
229,feature,[名] ①特徴 ②特集記事 [他] ③～を特集する
230,detail,[名] ①詳細 ②（建物などの）細部
231,advantage,[名] （over ～）（～に対する）利点
232,fault,[名] ①（ちょっとした）欠点，不具合〈可算〉 ②（one's －）責任〈不可算〉 ③断層
233,quality,[名] ①質〈不可算〉 ②（通例－s）（人間の）資質
234,correct,[形] ①正確な，正しい [他] ②～を訂正する，矯正する
235,ideal,[形] ①理想的な，申し分のない [名] ②理想，理想的な姿
236,fair,[形] ①公正な，公平な [名] ②品評会，見本市
237,appropriate,[形] 適切な
238,famous,[形] ①（for one's ～）（～で）有名な ②（as ～）（～として）有名な
239,elementary,[形] 初歩的な，基本の
240,major,[形] ①主要な [自] ②（in ～）（～を）専攻する
241,matter,[自] ①重要である [名] ②（修飾語を伴い）物質 ③（－s）事態，状況
242,bright,[形] ①明るい ②（主に子どもや若者が）賢い
243,brilliant,[形] ①輝いている ②すばらしい
244,lively,[形] 生き生きとした
245,comfortable,[形] ①（物が）快適な ②（人が）心地よい
246,pleasant,[形] （人にとって）楽しい，心地よい
247,convenient,[形] ①都合がよい ②近くて便利がよい
248,FALSE,[形] ①誤った ②偽の
249,terrible,[形] ①ひどい ②苦手で
250,awful,[形] ひどい，不快な
251,thin,[形] ①薄い ②（病的に）やせた ③（毛が）薄い
252,tight,[形] ①引き締まった，きつい ②厳しい
253,loose,[形] ①ゆるい ②解き放たれた
254,raw,[形] 生の，加工されていない
255,empty,[形] ①空の，中身のない [他] ②～を空にする
256,smooth,[形] ①滑らかな ②順調な [他] ③（服のしわ）をのばす，（髪）をなでつける
257,direct,[形] ①直接的な [他] ②～を指揮［監督，演出］する ③（注意など）を向ける ④～に道を教える
258,familiar,[形] ①知られた ②（人が）（よく）知っている
259,similar,[形] （to ～）（～に）似た
260,differ,[自] 異なる
261,vary,[自] さまざまだ，変わる
262,specific,[形] ①特定の ②明確な，具体的な
263,common,[形] ①普及した，普通の ②（主に名詞の前で）共通の
264,unusual,[形] 珍しい
265,add,[他] ①～を加える [自] ②（to ～）（～を）増やす
266,increase,[自] ①増える [他] ②～を増やす [名] ③（in ～）（～の）増加
267,reduce,[他] ①～を減らす ②（A to B） A をB にする
268,divide,[他] ①～を分割する ②（by ～）（～によって）（数字）を割る
269,count,[他] ①～を数える [自]②数える ③重要である ④（on ～）（～を）（全面的に）当てにする
270,weigh,[自] ①～の重さがある [他] ②～の重さを量る ③～を（比較）検討する
271,quarter,[名] ①4 分の1 ，15分，25セント ②（都市のある特定な）地域
272,lot,[名] ①（a － of ～）多くの～ ②（副詞的に）（a －）とても ③（one's）（～の）状況，運命 ④（何らかの目的を持つ）土地
273,pile,[名] ①積み重ね，山 ②多量 [他] ③～を積み重ねる
274,rate,[名] ①割合，速さ ②（ホテルなどの一定の）料金 [他] ③～を評価する
275,figure,[名] ①数字 ②人物 ③スタイル，体つき ④図 [自] ⑤目立つ
276,lack,[名] ①（（a）－ of ～）（～の）不足 [他] ②～を欠いている
277,extra,[形] ①余分な，追加の，臨時の [名] ②余分な［追加された］もの
278,ready,[形] ①用意ができている ②（be ～ to do）進んで～する
279,prepare,[他] ①～の準備をする，用意をする [自] ②準備をする，用意をする [形] ③（be －d to do）（～する）準備ができている
280,adjust,[自] ①（to ～）（～に）慣れる [他] ②～を調整する
281,apply,[自] ①（to ～）（～に）当てはまる ②（for ～）（～に）申し込む [他] ③～を当てはめる，応用する ④（薬，口紅など）を塗る
282,suit,[他] ①（人）に適している，好都合だ ②（服装，色が人）に似合う [名] ③訴訟（＝lawsuit） ④ スーツ
283,case,[名] ①場合 ②（the －）事実 ③（犯罪）事件 ④症例 ⑤（make a －）主張（する）
284,scene,[名] ①（劇，小説などの）場面 ②（事故）現場 ③（the ～ scene）～（業）界
285,chance,[名] ①（to do）（～する）機会 ②（of ～ / that S V）（～の/ ～する）可能性
286,opportunity,[名] （よい）機会，好機
287,experience,[名] ①経験 ②（個々の）体験 [他] ③～を経験する
288,time,[名] ①（漠然とした）時間 ②（ある長さの）時間 ③回数 ④倍 ⑤（－s）情勢，時代 ⑥（接続詞的に（the） next －）次に～するとき
289,spring,[名] ①春 ②泉，温泉 [自] ③飛び出る，突然出現する
290,minute,[名] ①（時間の）分 ②（a －）ちょっとの間 ③（－s）議事録 [形] ④とても小さい，細かい [接] ⑤（the －）～するとすぐに
291,period,[名] ①時代 ②期間 ③（学校の）時限
292,generation,[名] ①世代 ②生み出すこと ③発電
293,anniversary,[名] 記念日
294,recently,[副] 最近，近ごろ
295,used,[助] ①（to ～）以前は～だった，よく～したものだ [形] ②（be － to doing）（～することに）慣れている ③中古の
296,early,[副] ①（時間，時期が）早く，初期に ②（予定より）早く [形] ③早い，初期の
297,first,[形] ①第1 の ②（for the － time）初めて [副] ③ 初めて ④（文頭で）まず第1 に（＝firstly） [名]⑤（at －）最初のうちは
298,latest,[形] （the －）最新の
299,modern,[形] ①現代の ②近代的な
300,latter,[形] ①後半の [名] ②（the －）後者
301,spend,[他] ①（時間）を費やす ②（お金）を使う
302,delay,[他] ①～を遅らせる [名] ②遅延，延期
303,borrow,[他] ～を借りる
304,lend,[他] ①（無償で）～を貸す ②（銀行が利子をつけて）を貸す
305,rent,[他] ①～を借りる ②（A to B）（A）を（B に）賃貸しする [名] ③家賃，賃貸料，使用料
306,provide,[他] ～を供給する，与える
307,shelf,[名] 棚（の一段）
308,board,[名] ①（細長い）板 ②（幹部などによる）委員会 [他] ③～に乗る
309,garbage,[名] ごみ
310,item,[名] ①品物 ②項目 ③（短い）記事
311,wheel,[名] ①車輪 ②（the －）ハンドル [他] ③（車輪のついたもの）を動かす
312,note,[名] ①メモ ②〈英〉紙幣 [他] ③（that S V）（～ということ）を指摘する ④ ～に注意を払う
313,present,[名] ①プレゼント ②現在 [形] ③現在の ④ 出席して，存在して [他] ⑤～を贈る，提示する
314,stuff,[名] ①（漠然とした）もの [他] ②～を詰める
315,string,[名] ①ひも ②（a － of ～）一連の～ ③（ギターなどの）弦
316,leisure,[名] ①余暇 ②（形容詞的に）余暇の
317,diet,[名] ①食事 ②規定食 ③（D－） （日本の）国会
318,furniture,[名] 家具〈不可算〉
319,refrigerator,[名] 冷蔵庫
320,traffic,[名] 交通（量）〈不可算〉
321,jam,[名] ①渋滞 ②ジャム
322,sell,[他] ①～を売る [自] ②売れる
323,pay,[他] ①（A for B） （B の代金としてA）を支払う [自] ②（for A） （A の代金を）支払う ③（仕事などが）割に合う [名] ④給料
324,wear,[他] ①～を身につけている ②～をすり減らす [自] ③すり減る
325,clothes,[名] 服〈複数扱い〉
326,marry,[他] ～と結婚する
327,greet,[他] ～に挨拶する，出迎える
328,order,[他] ①～を注文する ②（医者や上官などが）～に命令する [名] ③ 注文 ④命令 ⑤順序 ⑥秩序
329,room,[名] ①部屋 ②余地，空間〈不可算〉
330,story,[名] 階
331,site,[名] ①用地 ②現場，場所 ③（史跡などの）跡
332,yard,[名] ①（主に〈米〉）庭 ②ヤード（＝約0.9 m）
333,bottom,[名] ①底 ②一番下，最下位 ③ 尻
334,line,[名] ①列 ②行，線 ③電話回線 ④セリフ [自] ⑤（up）並ぶ
335,row,[名] ①列 [他] ②（ボート）をこぐ
336,background,[名] ①背景 ②経歴，生い立ち
337,direction,[名] ①方向，方角 ②（－s）道順 ③指示
338,art,[名] ①芸術 ②技術 ③（liberal －s）一般教養
339,culture,[名] ①文化 ②培養，養殖 ③教養 [他] ④～を耕す，栽培［養殖］する
340,cartoon,[名] 漫画
341,novel,[名] ①小説 [形] ②斬新な
342,instrument,[名] ①楽器 ②器具
343,tune,[名] ①曲 [自] ②（番組）にチャンネルを合わせる [他] ③～の調子を合わせる
344,sentence,[名] ①（ 1 つ1 つの）文 ②判決 [他] ③（A to B）（A）を（B）の刑にする
345,article,[名] ①記事 ②品物 ③冠詞 ④条項
346,passage,[名] ①（文章などの）一節 ②（時の）経過，移動 ③通路
347,vocabulary,[名] 語彙
348,rumor,[名] うわさ
349,spell,[他] ①～をつづる [名] ②呪文 ③（天気などのある一続きの）期間
350,pronounce,[他] ①（単語など）を発音する ②（判決など）を宣告する，～と断言する
351,sign,[名] ①兆候，印 ②標識，看板，掲示 [他] ③ ～を署名する
352,mean,[他] ①～を意味する ②（to do）～するつもりだ [形] ③意地悪な
353,publish,[他] ①～を出版する ②（公式に結果など）を発表する
354,display,[他] ①～を展示する ②（実力など）を発揮する ③～を誇示する [名] ④展示，表現，誇示
355,trust,[他] ①～を信頼する [名] ②信頼，信用
356,depend,[自] ①（物，事が主語）（on ～）（～）次第である ②（人が主語）（on ～）（～に）頼っている
357,rely,[自] （on ～）（～に）頼る
358,pray,[自] 祈る
359,beg,[他] ①～を嘆願する [自] ②求める
360,prefer,[他] （A to B） （B よりA）を好む
361,weep,[自] しくしく泣く
362,hate,[他] ～を嫌う
363,worry,[自] ①心配をする [名] ②心配（事）
364,anxious,[形] ①（about ～）（～を）心配して ②（to do / for ～）（～を）切望して
365,satisfy,[他] ①～を満足させる ②（必要性，空腹など）を満たす
366,annoy,[他] ～をいらだたせる
367,bother,[他] ①～に面倒をかける ②（to do）わざわざ～する [名] ③面倒なもの
368,disturb,[他] ①（うるさくして）～に迷惑をかける ②（平和など）を乱す
369,frighten,[他] ～をおびえさせる
370,upset,[他] ①～を動揺させる ②（均衡など）を乱す [形] ③動揺して，腹を立てて
371,regret,[他] ①～を後悔する ②（to do）残念ながら～しないといけない [名] ③後悔
372,favor,[名] ①親切な行為 ②支持
373,interest,[名] ①関心 ②（－s）利益 ③（銀行などの）利子
374,pity,[名] ①残念なこと〈可算〉 ②哀れみ〈不可算〉
375,due,[形] ①（due to （名詞））（名詞）が原因で ②締め切りの ③到着［出産］予定の
376,reason,[名] ①理由 ②理性 [他] ③～を推理する [自] ④思考する，判断する
377,result,[名] ①結果 [自] ②（in ～）結果として（～に）なる ③（from ～）（～の）結果として生じる
378,effect,[名] 効果，影響，結果
379,influence,[名] ①影響（力） [他] ②～に影響を与える
380,cause,[他] ①～を引き起こす [名] ②原因
381,affect,[他] ～に影響を与える，作用する
382,way,[名] ①方法 ②（in ～ way）（～の）点（で） ③道 [副] ④はるかに
383,manner,[名] ①方法 ②流儀，態度 ③（－s）マナー
384,purpose,[名] 目的
385,sake,[名] ①（for ～）ため ②日本酒
386,right,[副] ①（場所や時の副詞（句）を修飾して）ちょうど [形] ②正しい，適切な ③右の [名] ④（to ～）（～の）権利
387,complete,[形] ①完全な [他] ②～を完成させる
388,hardly,[副] ①（程度）ほとんど～ない ②（－ ever）めったに～ない
389,nearly,[副] ①ほとんど ②あやうく～しかける
390,partly,[副] ある程度，部分的に
391,actually,[副] ①実は ②実際に
392,indeed,[副] ①（強調として）実際に，本当に ②（but を伴って）確かに～
393,even,[副] ①さえも ②（比較級の前で）さらに
394,exactly,[副] ①正確に ②〈会話で〉そのとおり
395,gradually,[副] 徐々に
396,therefore,[副] それゆえに
397,instead,[副] ①代わりに ②（of ～）（～の）代わりに
398,until,[前] ①～まで（ずっと） [接] ②～まで（ずっと）
399,besides,[前] ①～に加えて [副] ②おまけに
400,except,[前] ①～を除いて ②（for ～）（～を）除いて
401,debate,[名] ①討論 [他] ②～を討論する
402,criticize,[他] ～を批判する
403,accuse,[他] ①～を非難する ②～を告訴する
404,insist,[自] ①（on ～）（～と）言い張る，（強く）主張する [他] ②～と主張する
405,object,[自] ①（to ～）（～に感情的に）反対する [名] ②物 ③目的 ④（嘲笑，欲望などの）対象
406,protest,[自] ①（against ～）（～に対して）抗議する [名] ②抗議
407,controversial,[形] 論争を招く，物議をかもす
408,bound,[形] ①（to do）きっと～（する，～する［である］に違いない） ②（for ～）～行きで
409,bet,[他] ①（that S V）きっと～だと思う ②～を賭ける
410,congratulate,[他] （人）を祝う，～にお祝いを述べる
411,praise,[他] ①（A for B）（A）を（B のことで）褒める，称える [名] ②賞賛
412,honor,[名] ①名誉，栄誉 [他] ②～を敬う
413,chat,[自] ①おしゃべりする [名] ②おしゃべり
414,refer,[自] （to ～）①（人が主語）（～に）言及する，参照する ②（物が主語）（～を）示す
415,mention,[他] ～について述べる，言及する
416,convey,[他] ①～を伝える ②（乗客，音，病気など）を運ぶ
417,emphasize,[他] ～を強調する
418,exaggerate,[他] ①～を誇張する [自] ②誇張する，大げさに言う
419,reply,[自] ①（to ～）（～に）返事をする，答える [名] ②返事，答え
420,respond,[自] ①（to ～）（手紙や問いなどに）返答する ②（to ～）（～に）対応する，反応する
421,whisper,[自] ①ささやく [名] ②ささやき（声）
422,remark,[名] ①発言 [他] ②～と発言する
423,observe,[他] ①～を観察する ②（that S V）（気づいたことを）～と述べる ③（規則など）を遵守する ④（記念日など）を祝う
424,theory,[名] ①理論 ②（学）説
425,analysis,[名] 分析
426,experiment,[名] ①実験 [自] ②実験する
427,device,[名] 装置
428,phenomenon,[名] ①現象 ②特異なもの，天才
429,substance,[名] ①物質 ②本質，根拠
430,chemical,[名] ①（通例 －s）化学物質 [形] ②化学の
431,fuel,[名] ①燃料 [他] ②（感情など）を大きくする
432,nuclear,[形] 原子力の，核の
433,statistics,[名] ①統計（値）〈複数扱い〉 ②統計学〈不可算〉
434,pursue,[他] ①～を追求する，続ける ②～を追跡する
435,accomplish,[他] ～をやり遂げる
436,overcome,[他] ～を克服する
437,fulfill,[他] ①（義務，願望など）を果たす ②（必要など）を満たす
438,devote,[他] （A to B） （A）を（B に）ささげる
439,aim,[自] ①狙う [他] ②（-ed at ～）～向けだ [名] ③狙い，目的
440,challenge,[名] ①難問，課題 [他] ②～に異議を唱える
441,trial,[名] ①試み ②裁判 ③試練
442,dizzy,[形] めまいがして
443,pale,[形] ①（顔色が）青白い，青ざめた ②（色が）淡い
444,appetite,[名] 食欲
445,starve,[自] ①（be －ing）とてもお腹が空いている ②餓死する
446,mental,[形] ①精神の ②知力の
447,rest,[名] ①休憩 ②（the －）残り [自] ③（横になったりして）休む ④（on ～）（～）次第だ [他] ⑤～を休ませる
448,ache,[名] ①痛み [自] ②痛む
449,surgery,[名] ①手術 ②外科（① ②ともに〈不可算〉)
450,disease,[名] 病気
451,symptom,[名] ①（通例 －s）症状 ②兆候
452,cancer,[名] ①がん ②（C－）カニ座
453,ambulance,[名] 救急車
454,recover,[自] ①（from ～）（～から）回復する [他] ②（盗品など）を取り戻す
455,sore,[形] ①（のどや筋肉が）痛い ②（話題など）触れてほしくない，心が痛む
456,swell,[自] ①（手足などが）腫れる ②（風船，費用などが）膨らむ
457,cough,[自] ①咳をする [名] ②咳〈可算〉
458,bleed,[自] 出血する
459,faint,[形] ①（色，光などが）かすかな [自] ②気絶する [名] ③気絶
460,exhaust,[他] ①～を疲れ果てさせる ②～を使い果たす [名] ③排出，排気ガス
461,cure,[他] ①～を治療する [名] ②治療法
462,disabled,[形] ①障がいのある [名] ②（the －）（集合的に）障がいのある人
463,stiff,[形] ①（筋肉などが）凝った，（動かすと）痛い ② 堅い
464,muscle,[名] 筋肉
465,tongue,[名] ①舌 ②言語，言葉 ③（have a ～ tongue）話し方
466,sense,[名] ①感覚 ②分別 ③意味 [他] ④（何となく）～を感じる
467,sweat,[名] ①汗（通例〈不可算〉） [自] ②汗をかく
468,nationality,[名] 国籍
469,citizen,[名] ①市民 ②国民
470,civil,[形] ①（一般）市民の ②国内の ③礼儀正しい
471,racial,[形] 人種の，民族の
472,domestic,[形] ①国内の ②家庭内の
473,rural,[形] 田舎の
474,suburb,[名] （通例the －s）郊外
475,border,[名] ①国境（地帯），境界 [他] ②～を縁取る
476,burden,[名] 重荷，負担
477,impact,[名] ①（on ～）（～への）影響 ②（物体間の）衝撃 [自] ③（on ～）（～に）影響を及ぼす
478,status,[名] ①地位 ②（特定の時点の）状況
479,equal,[形] ①（to ～）（～に）等しい，平等な [他]②～に等しい
480,relationship,[名] ①関係 ②親密な関係 （①②ともに〈可算〉）
481,reputation,[名] （人，物の）評判〈可算〉
482,trend,[名] ①（世の中の）風潮，傾向 ②流行
483,service,[名] ①（政府あるいは企業による）事業，制度 ②（電車，バスの）便 ③サービス，接客〈不可算〉
484,religion,[名] 宗教
485,moral,[形] ①道徳的な [名] ②（物語の）教訓 ③（－s）道徳
486,standard,[名] ①基準，水準 [形] ②標準の
487,prosperity,[名] 繁栄
488,crisis,[名] 危機
489,prejudice,[名] ①偏見，先入観 [他] ②～に偏見をもたせる
490,discrimination,[名] ①差別 ②識別
491,charity,[名] ①慈善（事業）〈不可算〉 ②慈善団体〈可算〉 ③（形容詞的に）慈善のための
492,benefit,[名] ①恩恵 ②（－s）手当 [自] ③（from ～）（～から）利益を得る [他] ④～に利益を与える
493,welfare,[名] ①福祉 ②（健康なども含めた）幸福 ③生活保護
494,community,[名] （地域）社会，共同体（の人々）
495,individual,[名] ①個人，個体 [形] ②個人の，個々の
496,official,[名] ①役人，役員 [形] ②公式の
497,immigrant,[名] （外国からの）移民
498,volunteer,[名] ①ボランティア [自] ②（to do）（～することを）進んで引き受ける
499,contribute,[自] （to ～）①（～に）貢献する ②（～の）一因となる [他] ③（A to B）（A）を（B に）寄付する，提供する
500,abolish,[他] ～を廃止する
501,impose,[他] （A on B）（A）を（B に）課す，押しつける
502,access,[名] ① 利用する権利 ②（場所への）接近方法
503,duty,[名] ① 義務 ②関税
504,compulsory,[形] ①義務的な ②規定の
505,responsible,[形] ①（人が主語）責任がある ②（物が主語）原因となっている
506,policy,[名] ①政策 ②方針 ③保険契約，約款
507,elect,[他] ～を（選挙で）選ぶ
508,industry,[名] ①工業 ②（the ～ industry）産業，業界 ③ 勤勉
509,income,[名] 収入
510,profit,[名] 利益，利潤
511,tax,[名] 税金（〈米〉→〈可算〉 〈英〉→〈不可算〉）
512,expense,[名] ①費用，経費 ②（at the － of ～）（～を）犠牲（にして）
513,debt,[名] 借金
514,deposit,[名] ①預金 ②頭金，保証金 ③埋蔵物 [他] ④ ～を預ける
515,charge,[名] ①料金 ②責任，管理 ③（against ～）（～に対する）非難，告訴 [他] ④～を請求する ⑤～を告訴する ⑥～を充電する
516,wage,[名] ①賃金 [他] ②（闘争，運動など）を行う
517,recession,[名] 不況，不景気
518,consume,[他] ～を消費する
519,waste,[他] ①～を浪費する [名] ②浪費，無駄 ③廃棄物〈不可算〉
520,invest,[他] ①（A in B）（A）を（B に）投資する ②（A with B）（A）に（B を）与える
521,import,[他] ①～を輸入する [名] ②輸入，輸入品
522,financial,[形] 財政的な，金銭的な
523,hire,[他] ①～を（一時的に）雇う ②（金を払って短期間）～を借りる
524,employ,[他] ①（人）を雇う ②（物，事）を用いる
525,resign,[自] ①（as ～）（～を）辞職する [他] ②（地位など）を辞める
526,qualify,[自] ①（for ～）（～の）資格がある ②（as ～）（～としての）資格を得る [他] ③～に資格を与える
527,assign,[他] ①～を割り当てる ②～を配属する
528,occupation,[名] ①職業〈可算〉 ②占有，占領〈不可算〉
529,career,[名] ①職業 ②経歴
530,profession,[名] ①（専門的な）職業 ②（the －）同業者集団
531,unemployment,[名] ①失業 ②失業率（＝－rate），失業者数 （① ② ともに〈不可算〉）
532,document,[名] ①書類，資料 [他] ②～を記録する
533,department,[名] ①（組織の）部門，課 ②（大学の）学科 ③（米国などの）省
534,branch,[名] ①支店，支局 ②（学問の）部門 ③枝
535,retail,[名] ①小売り〈不可算〉 [自] ②小売りされている
536,system,[名] ①組織，制度 ②体系 （①②ともに〈可算〉）
537,structure,[名] 構造
538,architecture,[名] 建築（様式）〈不可算〉
539,construction,[名] 建設〈不可算〉
540,function,[名] ①機能 [自] ②機能する
541,surface,[名] ①表面 [自] ②表面化する
542,aspect,[名] 側面
543,edge,[名] ①端 ②（ナイフなどの）刃 ③優位
544,consist,[自] ①（of ～）（～で）構成されている ②（in ～）（～に）ある
545,compose,[他] ①～を構成する，組み立てる ②～を作曲［作文］する ③～を落ち着かせる
546,attach,[他] ①～をくっつける，添付する ②～に愛着を持たせる
547,connect,[他] ①～をつなげる ②～を関連づける [自] ③つながる
548,relate,[他] ①（A to B）（A）を（B に）関連づける ②～を（順序立てて）話す [自] ③（to ～）（～の）気持ちがわかる
549,associate,[他] ①（A with B）（A）を（B と）関連づける，（A）から（B を）連想する [自] ②（with ～） （～と）付き合う [名] ③同僚，共同経営者
550,stick,[他] ①～を貼り付ける ②（舌や脚）を出す [自] ③（to）（規則などを）守る，固執する
551,separate,[他] ①～を引き離す [形] ②別々の
552,thief,[名] 泥棒
553,crime,[名] 犯罪
554,motive,[名] 動機
555,punish,[他] （（人）for ～）（人）を（～の理由で）罰する
556,violate,[他] ①（法律など）に違反する ②（権利など）を侵害する
557,legal,[形] ①合法の ②法律の，法的な
558,enemy,[名] ①敵 ②（形容詞的に）敵の
559,compete,[自] ①競争する ②（in ～）（競技などに）参加する
560,defeat,[他] ①（相手）を打ち負かす [名] ②敗北
561,victim,[名] 犠牲者
562,obstacle,[名]（to ～）（～に対する）障害〈可算〉
563,harm,[名] ①害〈不可算〉 [他] ②～に害を与える
564,invade,[他] ①（プライバシーなど）を侵害する ②（国など）に侵入する，～を侵略する
565,endanger,[他] ～を危険にさらす
566,interrupt,[他] ①～を中断する ②～を遮る [自] ③人の話を遮る
567,spoil,[他] ①～を台無しにする ②（子ども）を甘やかす
568,spectator,[名] 観客
569,relative,[名] ①（家族も含めて）親戚 [形] ②相対的な
570,enter,[他] ①～に入る ②～を入力する [自] ③（into ～）（ある段階などに）入る
571,accompany,[他] ①（人が主語）～と一緒に行く ②（物が主語）～に伴う
572,departure,[名] ①出発 ②逸脱
573,destination,[名] ①目的地 ②（tourist －）旅行先，観光地
574,transportation,[名] 交通機関〈不可算〉
575,via,[前] ①～経由で ②～によって
576,lead,[自] ①（to ～）（～に）至る [他] ②（a ～ life）（～な生活）を送る ③（A to do）A に～させる [名] ④鉛，（シャーペンなどの）芯
577,rise,[自] ①上がる，昇る [名] ②上昇
578,lower,[他] ～を下げる
579,flow,[自] ①流れる [名] ②流れ
580,burst,[自] ①破裂する，爆発する ②（慣用句で）突然～し始める
581,crack,[自] ①割れる，砕ける ②（パンと）音を出す [他] ③～を割る，砕く [名] ④割れ目
582,melt,[自] ①（固体が）溶ける [他] ②～を溶かす
583,progress,[名] ①進歩，前進 〈不可算〉 [自] ②進歩する，進む
584,advance,[名] ①進歩，前進 〈可算〉 [自] ②（軍隊などが）前進する，進歩する [形] ③事前の
585,deal,[自] ①（with～）（～を）扱う [名] ②取り引き
586,handle,[他] ①～を扱う ②（手で）～を扱う，触れる [名] ③取っ手
587,cope,[自] （with～）（～に）（うまく）対処する
588,treat,[他] ①（副詞を伴って）～を扱う ②（病人，病気）を治療する ③（A to B） （A） に（Bを）おごる [名] ④楽しみ
589,clue,[名] （to ～）（～の）手がかり
590,restrict,[他] ～を制限する
591,limit,[他] ①（数量，範囲）を制限する [名] ②制限
592,forbid,[他] ～を禁じる
593,ban,[名] ①禁止〈可算〉 [他] ②～を禁止する
594,refuse,[他] ①～を断る ②（to do）～するのを拒む
595,reject,[他] ①～を拒絶する ②（人）を除け者にする
596,persuade,[他] （A to do）（A）を説得して～させる
597,convince,[他] ①（A of B）（A）に （Bを）確信させる，（A that S V）（A）に（～を） 確信させる ②（A to do）（A）を説得して～させる
598,inspire,[他] ①～を奮起させる，かき立てる ②（作品）に創作のヒントを与える
599,discourage,[他] ～のやる気をなくさせる，落胆させる
600,promote,[他] ①～を促進する ②（be［get］－d to ～）（～に）出世［昇進］する
601,expand,[自] ①拡大する，膨張する [他] ②～を拡大する，膨張させる
602,extend,[他] ①～を延長する，広げる [自] ②伸びる，広がる
603,broaden,[他] ①～を広げる [自] ②広がる
604,spread,[他] ①～を広げる [自] ②広がる [名] ③広がり
605,tie,[他] ①（荷物など）を縛る ②（ひも，ネクタイなど）を結ぶ [名] ③ネクタイ （＝necktie） ④（家族などの）きずな
606,bind,[他] ～を結びつける，縛る
607,fasten,[他] ①～を固定する ②（ボタンなど）をかける，留める
608,fix,[他] ①～を固定する ②～を修理する ③（主に 〈米〉）（食事，飲み物）を作る
609,install,[他] ①（機械など）を設置する ②～をインストールする
610,resist,[他] ①～を我慢する ②～に抵抗する
611,obey,[他] ～に従う
612,engage,[自] ①従事する [他] ②（関心，注意など）を引く
613,bump,[自] （into～）①（～に）ぶつかる ②（～に）偶然出会う
614,crash,[自] ①激突する ②（飛行機が）墜落する [名] ③激突，墜落
615,bend,[自] ①身をかがめる [他] ②～を曲げる [名] ③（道の）カーブ
616,hug,[他] ①（人）を （愛情こめて）抱きしめる [名] ②抱擁
617,stare,[自] ①（at ～）（～を）じっと見つめる [名] ②凝視
618,gaze,[自] ①（at［on］～）（～を）見つめる [名] ②視線，凝視
619,glance,[自] ①ちらりと見る [名] ②ちらりと見ること
620,glimpse,[他] ①～がちらりと見える [名] ②ちらりと見えること
621,stretch,[他] ①（手足や体）を伸ばす，広げる [自] ②伸ばす，広がる [名] ③（ひと続きの）広がり
622,stumble,[自] ①つまずく ②（across［into］～）（～に）偶然出会う
623,press,[他] ①～を（強く）押す ②～を押しつける，勧める [名] ③（the －）報道機関，出版
624,drag,[他] ～を（ずるずると）引きずる
625,lean,[自] ①（against［on］～）（～に）寄りかかる ②（forward）身を乗り出す [形] ③（健康的に）痩せている
626,scratch,[他] ①～をひっかく，かく [名] ②ひっかき傷
627,bow,[自] ①おじぎする [名] ②おじぎ
628,nod,[自] ①うなずく ②（off）うたた寝する [名] ③うなずき，会釈
629,sigh,[自] ①ため息をつく [名] ②ため息
630,yawn,[自] ①あくびをする [名] ②あくび
631,bury,[他] ①～を埋める ②～を埋葬する
632,perform,[他] ①～を遂行する ②～を演じる，演奏する [自] ③（副詞を伴い）やる
633,adopt,[他] ①～を採用する ②～を養子にする
634,escape,[自] ①（from ～）（～から）逃れる [他] ②～を避ける [名] ③逃亡
635,scatter,[他] ①～をまき散らす [自] ②（群衆などが）散る
636,fold,[他] ①～を折る ②（up）～を折りたたむ ③（腕）を組む [自] ④折りたためる
637,hang,[他] ①～を掛ける ② ～を絞首刑にする [自] ③ぶら下がる
638,release,[他] ①～を解放する ②（映画など）を発表する，出す ③（ガスなど）を放出する [名] ④解放，発売
639,strike,[他] ①～を打つ ②（災害が）～を襲う ③（考えが人）に思い浮かぶ ④（A as B）（A）に（B という）印象を与える [名] ⑤ストライキ
640,beat,[他] ①～を打つ ②～に勝つ
641,protect,[他] ～を守る，保護する
642,twist,[他] ①～を（ねじ）曲げる ②（体の一部）をひねる，ねんざする
643,stir,[他] ①（液体など）を混ぜる ②（up ～）（感情など）を呼び覚ます
644,shake,[他] ①～を振る ②～を揺さぶる [自] ③（恐怖，寒さで）震える
645,burn,[自] ①焼ける [他] ②～を燃やす，（CD など）を複製する
646,skip,[他] ～をサボる，抜かす
647,expose,[他] ①～をさらす ②（秘密，犯罪など）を暴露する
648,dip,[他] ①～を（ちょっと）つける，浸す ②～を少し下げる
649,polish,[他] ～を磨く
650,cheat,[自] ①ごまかす [他] ②～をだます
651,attend,[他] ① ～に出席する，通う [自] ②（to ～）（～に）注意を向ける ③（to ～）（～を）世話する
652,participate,[自] （in ～）（～に）参加する
653,imitate,[他] ～をまねる
654,exist,[自] 存在する
655,arise,[自] 生じる
656,occur,[自] ①生じる ②（to （人））（考えなどが（人）に）思いつく
657,generate,[他] （電気，利益など）を生み出す
658,involve,[他] ①（be －d in ～）（事件などに）巻き込まれる ②（be －d in ～）（子育てなどに）参加する ③～を伴う
659,require,[他] ～を必要とする
660,counterpart,[名] （to ～）（～に）対応する［（～と）同等の］人［物，事］
661,maintain,[他] ①～を維持する ②（that S V）（～）を（強く）主張する
662,last,[自] ①（時間的に）続く ②（服などが）長持ちする [形] （the last ～）③この前の～，最後の～ ④もっとも～でない [名] ⑤（at －）ついに
663,persist,[自] ①持続する，残る ②（in［with］～）（～を）貫く，（～に）固執する
664,gain,[他] ①～を増す ②～を得る [名] ③利益，増加
665,obtain,[他] （資格，許可，情報など）を得る
666,acquire,[他] ①～を習得する ②～を獲得する ③～を買収する
667,examine,[他] ①～を調査する ②～を検査する
668,search,[他] ①（A for B） （B（物）を求めてA（場所））を捜す [名] ②捜索，調査
669,reunion,[名] ①同窓会 ②再会
670,scholarship,[名] ①奨学金〈可算〉 ②（人文科学の）学識〈不可算〉
671,logic,[名] 論理（学）
672,instruction,[名] （通例－s）指示
673,determine,[他] ①～を決める，～に大きく影響する ②（be －d to do）～することを決意している ③（原因など）を特定する
674,conclude,[他] ①（that S V）～と結論を下す ②～を終わりにする
675,distinguish,[他] ～を区別する
676,classify,[他] ～を分類する
677,estimate,[他] ①～を推定する，見積もる [名] ②（for ～）（～の）見積もり
678,select,[他] ①（注意深く）～を選ぶ，精選する [形] ②えり抜きの
679,organize,[他] ①（考えなど）をまとめる ②～を組織化する，取りまとめる
680,recognize,[他] ①（知り合いなど）が誰だかわかる ②（that S V）～を認識する
681,suppose,[他] ①（be －d to do）～することになっている ②～と思う，仮定する
682,assume,[他] ①～と思い込む，決めつける ②～を引き受ける
683,care,[自] ①（否定文で）気にする ②世話をする [名] ③世話，心配
684,doubt,[他] ①～を疑う ②（that S V）～とは思わない [名] ③疑い
685,notice,[他] ①～に気がついている [名] ②通知，掲示，注意
686,aware,[形] 気づいている
687,conscious,[形] ①意識している，気づいている ②意識がある
688,concerned,[形] ①（with［about］～）（～に）関心を持っている，重視している ②（with ～）（～を）扱っている ③（about［for］～）（～を）心配している
689,regard,[他] ①（A as B）（A）を（B と）みなす ②（副詞を伴い）～を評価する [名] ③（in －）点 ④（－s）よろしくという挨拶
690,commit,[他] ①（oneself to ～ / be －ed to ～）～に専念する ②（A to B） （A）を（B に）委ねる，充てる ③（犯罪など）を犯す
691,memorize,[他] ～を暗記する
692,approve,[自] ①（of ～）（～を）認める，承認する [他] ②～を承認する
693,forgive,[他] （人，過ち）を許す
694,grant,[他] ①～を認める ②（権利など）を与える [名] ③交付，補助金
695,recall,[他] ①～を思い出す ②（商品）を回収する，リコールする
696,abandon,[他] ～を捨てる，放棄する
697,rid,[名] （get － of ～）①（不要品）を処分する ②～を取り除く
698,eliminate,[他] ①（不要な人，物，事）を排除する ②（be －d）敗退する
699,relieve,[他] ①～を取り除く ②～を安心させる
700,remove,[他] ①～を取り除く，取り去る ②（衣服）を脱ぐ
701,resource,[名] ①（－s）（石油などの）資源，（人，国の）財産 ②（－s）（困難に立ち向かう）力量 ③（万一の頼みの）手段
702,conservation,[名] 保護
703,preserve,[他] ①（自然など）を保護する ②（景観，平和，食品など）を保つ
704,disaster,[名] ①災害 ②大失敗
705,planet,[名] ①惑星 ②（the －）地球
706,environment,[名] 環境，周囲（の状況）
707,horizon,[名] ①水平線，地平線 ②（－s）視野
708,agriculture,[名] 農業〈不可算〉
709,crop,[名] ①作物 ②収穫（高） [自] ③（up）生じる
710,soil,[名] 土，土壌
711,weed,[名] ①雑草，海草 [他] ②～の雑草を抜く
712,drown,[自] 溺れ死ぬ
713,leak,[自] ①漏れる [他] ②～を漏らす [名] ③漏れ
714,climate,[名] ①気候 ②（政治，経済，文化の）状況
715,atmosphere,[名] ①（the－）大気 ②雰囲気 ③（the（ Earth's）－）大気圏
716,forecast,[名] ①予報 [他] ②～を予報する
717,thermometer,[名] ①温度計，寒暖計 ②体温計
718,humid,[形] 湿気が多い
719,tropical,[形] 熱帯の
720,solar,[形] 太陽の
721,mosquito,[名] 蚊
722,species,[名] 種〈単複同形〉
723,extinct,[形] 絶滅した
724,feed,[他] ①～にえさを与える ②（子どもなど）を養う
725,energetic,[形] （人，運動などが）活発な
726,greedy,[形] 貪欲な
727,brave,[形] 勇敢な
728,generous,[形] 気前のよい
729,intellectual,[形] 知的な
730,curious,[形] ①（人が主語）好奇心が強い ②（物が主語）奇妙な，好奇心をそそる
731,imaginative,[形] 想像力豊かな
732,talkative,[形] おしゃべりの
733,afford,[他] ①（can －）～する余裕がある ②（SVO1O2）（O1に）O2を与える
734,eager,[形] 熱心な
735,selfish,[形] 利己的な，自分勝手な
736,aggressive,[形] ①攻撃的な ②積極的な
737,cruel,[形] 残酷な
738,addicted,[形] ～の中毒になっている
739,stubborn,[形] 頑固な
740,earnest,[形] ①真面目な [名] ②（in －）真面目（に）
741,bold,[形] 大胆な
742,guilty,[形] ①申し訳なく思う，罪の意識がある ②（of ～）（～の）罪を犯した
743,innocent,[形] ①（of ～）（～に関して）無実の ②無邪気な
744,sincere,[形] ①（心から）誠実な ②（言動が）心からの，偽りのない
745,modest,[形] ①（人が）謙虚な ②（物が）大きくない，高くない
746,stupid,[形] ばかな
747,indifferent,[形] 無関心で
748,punctual,[形] （約束などの）時間を守る
749,coward,[名] 臆病者
750,precise,[形] 正確な
751,accurate,[形] 正確な
752,proper,[形] 適切な
753,tidy,[形] ①（主に〈英〉）きちんとした，整然とした [他] ②～を整頓する
754,neat,[形] きちんとした
755,efficient,[形] ①能率的な，無駄がない ②（人が）有能な
756,reasonable,[形] ①理にかなった ②（値段が）手ごろな
757,significant,[形] ①重要な ②（数量，増減，相違などが）かなりの
758,precious,[形] ①（時間や命などが）貴重な ②（宝石などが）高価な
759,essential,[形] ①不可欠な [名] ②（－s）不可欠なもの
760,fundamental,[形] ①根本的な，基本的な [名] ②（－s）基本事項
761,critical,[形] ①重大な，危機的な状況の ②批判的な
762,serious,[形] ①深刻な ②（人が）真剣な，本気の
763,complex,[形] ①複雑な [名] ②複合体（の建物） ③強迫観念
764,complicated,[形] 複雑な
765,delicate,[形] ①繊細な，微妙な ②（人が）虚弱な
766,plain,[形] ①明白な，わかりやすい ②質素な [名] ③平野，原野
767,obvious,[形] 明白な
768,remarkable,[形] 注目すべき，すばらしい
769,outstanding,[形] 傑出した，目立った
770,various,[形] さまざまな
771,diverse,[形] 多様な
772,sort,[名] ①種（類） ②（副詞的に）（－ of）多少 [他] ③～を分類する
773,fancy,[形] ①高級な [他] ②〈英〉～が欲しい，～したい
774,marvelous,[形] 驚くべき
775,fabulous,[形] ①とても素敵な ②莫大な
776,active,[形] 積極的な，活発な
777,positive,[形] ①前向きな，積極的な ②確信している
778,pure,[形] ①純粋な ②（水，空気が）澄んだ
779,steady,[形] 着実な，一定の
780,flexible,[形] 柔軟な，融通のきく
781,ripe,[形] 熟した
782,mature,[形] ①成熟した，熟成した [自] ②成熟する，熟成する
783,stable,[形] ①安定した [名] ②馬小屋，きゅう舎
784,negative,[形] 否定的な，否定の
785,vague,[形] 曖昧な，漠然とした
786,weird,[形] 変な
787,rough,[形] ①（表面が）粗い ②おおざっぱな ③（海，天候などが）荒れている
788,severe,[形] ①（天候，批判，罰則などが）厳しい ②（けが，問題などが）ひどい
789,passive,[形] 受動的な，消極的な
790,vain,[形] ①（in －）無駄に ②（努力などが）無駄な ③うぬぼれの強い
791,fake,[形] ①偽の，偽造の [名]②偽造品
792,risky,[形] 危険な，危うい
793,absurd,[形] ばかげた
794,odd,[形] ①奇妙な ②奇数の ③半端な，雑多な [名] ④〈英〉（the －s）可能性
795,contrast,[名] ①対比 [他] ②～を対比する [自]③対照をなす
796,valid,[形] ①（理由，主張などが）妥当な，正当な ②（切符などが）有効な
797,available,[形] ①手に入る，利用できる ②（人の予定が）空いている
798,casual,[形] ①気楽な ②ふとした，何気ない
799,rare,[形] 珍しい
800,practical,[形] ①（人，知識が）現実的な，実際の ②（発明，道具などが）実用的な，実践的な
801,brand-new,[形] 新品の，真新しい
802,rapid,[形] ①急速な [名] ②（－s）急流
803,urgent,[形] 緊急の，差し迫った
804,sharp,[形] ①（変化，方向転換などが）急激な ②（言葉が）きつい ③（刃物，感覚，人などが）鋭い [副] ④（時刻が）きっちりで
805,calm,[形] ①落ち着いた [自] ②落ち着く [他] ③～を落ち着かせる
806,shallow,[形] ①浅い ②（人，言動などが）浅はかな
807,bare,[形] ①むき出しの ②最低限の
808,naked,[形] （人が）裸の，むき出しの
809,independent,[形] ①独立した，無所属の [名] ②無所属の人
810,tense,[形] ①張り詰めた ②（人が）緊張した [名] ③時制
811,broad,[形] 幅広い
812,narrow,[形] ①狭い [他] ②～を狭くする，細める
813,vacant,[形] 空いている，使用されていない
814,vivid,[形] ①（記憶，描写などが）鮮明な ②（色が）鮮明な
815,mutual,[形] ①（感情，行為が）相互の ②（友だち，趣味などが）共通の
816,awkward,[形] ①ぎこちない ②気まずい ③扱いにくい
817,objective,[形] ①客観的な [名] ②目標
818,manual,[形] ①手を使う，身体を使う ②手動の [名] ③手引き書
819,alike,[形] ①似ている [副] ②（A and B －）（A もB も）同様に
820,tend,[自] （to do）～する傾向にある
821,deserve,[他] ～に値する
822,fragment,[名] 破片〈可算〉
823,ease,[名] ①簡単さ [他] ②（痛み，心配など）を和らげる，楽にする
824,range,[名] ①範囲 [自] ②（from A to B）（A からB の）範囲に及ぶ
825,scale,[名] ①規模 ②（－s）体重計 ③うろこ
826,unique,[形] ①（to ～）（～に）特有の，独自の ②独特の
827,particular,[形] ①ある特定の，特有の ②（about ～）（～の）好みがうるさい [名] ③（in －）特に（＝particularly）
828,general,[形] ①一般的な，全体の [名] ②大将，将軍
829,ordinary,[形] 平凡な，ふつうの
830,typical,[形] 典型的な
831,account,[自] （for ～）①（割合を）占める ②（～の原因を）説明する [名] ③説明 ④口座
832,calculate,[他] ～を計算する
833,measure,[他] ①～を測る [自] ②～の寸法がある [名] ③（－s）手段
834,split,[他] ①～を割る ②～を分裂させる [自] ③分裂する [名] ④分裂，裂け目，割れ目
835,volume,[名] ①容積，体積 ②ボリューム，音量 ③（全集などの）1巻
836,proportion,[名] ①比率 ②部分 ③（－s）規模，大きさ
837,dozen,[名] ①ダース ②（－s of ～）数十の～
838,amount,[名] ①量 [自] （to ～）②（合計が）～に達する ③結局～になる
839,mass,[名] ①大量 ②（the －es）大衆 ③かたまり ④質量 ⑤（M－）ミサ
840,shortage,[名] 不足〈可算〉
841,enormous,[形] 莫大な，巨大な
842,spare,[形] ①余分な，予備の [他] ②（時間やお金，労力）を割く ③～を惜しむ
843,arrange,[他] ①～を手配する ②～を整理する
844,adapt,[自] ①適応する [他] ②～を適応させる
845,match,[他] ①～と調和する ②～に匹敵する [名] ③釣り合う人［物］，好敵手
846,fit,[他] ①（サイズが人）に合う [形] ②健康な ③（to do）（～するのに）適した
847,emergency,[名] ①緊急事態 ②（形容詞的に）緊急の
848,occasion,[名] ①場合 ②行事，祝い事
849,circumstance,[名] （通例 －s）状況，事情
850,incident,[名] （主に不快な）出来事
851,current,[形] ①最新の，今の ②流通して [名] ③流れ，風潮
852,temporary,[形] 一時的な
853,permanent,[形] 永久的な
854,previous,[形] （時間，順序で）前の，以前の
855,former,[名] ①（the －）前者 [形] ②前任の
856,annual,[形] ①年に1度の ②1年間の
857,contemporary,[形] ①現代の ②同時代の [名] ③同時代の人
858,lately,[副] 最近
859,immediately,[副] すぐに
860,supply,[他] ①～を供給する [名] ②供給
861,replace,[他] ①～に取って代わる ②（A with B）（A）を（B に）取り替える
862,exchange,[他] ①～を交換する [名] ②交換
863,substitute,[他] ①（A for B） （B の）代わりに（A）を用いる [自] ②（for ～）（～の）代わりになる，代わりをする [形] ③代わりの [名] ④（for ～）（～の）代用品，代理人
864,submit,[他] ①（願書，辞表など）を提出する [自] ②（to ～）（～に）服従する
865,alternative,[名] ①（to ～）（～の）代わりのもの ②選択肢 [形] ③代わりの
866,deliver,[他] ①～を配達する ②（演説など）をする
867,enclose,[他] ①～を同封する ②～を囲む，閉じ込める
868,envelope,[名] 封筒
869,trick,[名] ①（悪意のない）いたずら ②（巧妙な）手口，策略 ③芸，手品 ④（of ～）秘けつ [他] ⑤～をだます
870,load,[名] ①荷（物）〈可算〉 [他] ②（A with B）（A）に（B を）積む
871,content,[名] ①中身，内容 [形] ②（with ～）（～に）満足して
872,routine,[名] ①日課，決まり切った仕事 [形] ②日課の
873,household,[名] ①（集合的に）所帯，家庭〈可算〉 [形] ②家庭の
874,good,[名] ①（－s）商品 ②利益 [形] ③（a － many ～）かなりの
875,luxury,[名] ①高級（品），ぜいたく品 ②（形容詞的に）豪華な，ぜいたくな
876,credit,[名] ①（－ card）クレジットカード ②功績，手柄 ③（大学の）単位 [他] ④～の功績を認める
877,questionnaire,[名] アンケート
878,reservation,[名] ①予約 ②慎重な姿勢
879,applause,[名] 拍手〈不可算〉
880,fuss,[名] 大騒ぎ
881,reward,[名] ①報酬，褒美 ，懸賞金 [他] ②～に褒美を与える，報いる
882,farewell,[名] 別れ（のあいさつ）
883,reception,[名] ①もてなし，歓迎会 ②（ホテルの）フロント ③受信状況
884,hospitality,[名] もてなし，歓迎
885,portion,[名] ①（食事の）1盛り ②（食堂などでの）1人前 ③一部
886,laundry,[名] ①〈米〉洗濯 ②〈米〉洗濯物 ③クリーニング店（＝a cleaner's）
887,stain,[名] ①シミ，汚れ [他] ②～にシミをつける，～を汚す
888,dye,[他] ①～を染める [名] ②染料
889,outlet,[名] ①（電気の）コンセント ②（販売）店 ③（感情などの）はけ口
890,nap,[名] ①昼寝，仮眠 [自] ②昼寝をする，仮眠をとる
891,wake,[自] ①目が覚める [他] ②（眠っている人）を起こす
892,vending machine,[名] 自動販売機
893,grocery,[名] ①食料雑貨店 ②（-ies）食料雑貨類
894,appointment,[名] ①（病院などの）予約，（面会の）約束 ②（役職などの）任命，指名
895,consult,[他] ①～に相談する ②（辞書）を引く [自] ③（with ～）（～に）相談する
896,register,[他] ①～を登録する，記録する [自] ②（for ～）（授業などに）登録する ③（ホテルなどで）記帳する [名] ④登録（票），登録簿
897,subscribe,[自] ①（to ～）（～を）定期購読する，加入している ②（主に否定文で）（to ～）（考えなどを）支持する
898,guarantee,[他] ①～を保証する [名] ②保証（期間）
899,wipe,[他] ①～を拭く ②～を一掃する，壊滅させる
900,sweep,[他] ①（床，地面）を掃く ②（風，波などが）～を押し流す
901,transfer,[自] ①（電車などを）乗り換える ②転勤［転校，移籍］する [他] ③（物，活動拠点など）を移す，～を転勤［転属］させる ④（銀行で）～を振り込む
902,divorce,[自] ①離婚する [他] ②～と離婚する [名] ③離婚
903,fate,[名] 運命，宿命
904,destiny,[名] 運命
905,flavor,[名] 風味，味〈可算〉
906,perfume,[名] ①香り ②香水
907,ingredient,[名] ①（料理などの）材料 ②（何かを達成するための）要因 ③成分
908,tender,[形] ①（肉などが）柔らかい ②（愛情があり）優しい ③（皮膚などが）弱い
909,bitter,[形] ①苦い，つらい ②憤慨して
910,aisle,[名] 通路
911,track,[名] ①足跡，小道 ②（鉄道の）線路，プラットホーム [他] ③～を追跡する
912,district,[名] 地区
913,facility,[名] ①施設，設備 ②能力，器用さ
914,basement,[名] 地下（室）
915,height,[名] ①高さ ②高い所 ③最盛期
916,distant,[形] 遠い
917,remote,[形] ①（地理的に）へんぴな ②（時間，関係などが）遠い
918,locate,[他] ①（be －d）～に位置している，ある ②～の場所を見つける
919,occupy,[他] ～を占める
920,surround,[他] ～を取り囲む，包囲する
921,classical,[形] ①（音楽，バレエ，ダンスなどで）クラシックの ②古典的な
922,civilization,[名] 文明
923,heritage,[名] 遺産〈不可算〉
924,script,[名] ①台本，脚本 ②（ある言語の）文字 ③（手書きの）文字
925,tale,[名] 話
926,literature,[名] ①文学 ②文献 （①②ともに〈不可算〉）
927,tragedy,[名] 悲劇〈可算〉
928,poetry,[名] 詩〈不可算〉
929,biography,[名] 伝記
930,term,[名] ①用語，言葉 ②（long［short］などを伴い）期間，学期，任期 ③（be on ～ －s）（～の）間柄（である） ④（－s）（契約などの）条件
931,proverb,[名] ことわざ
932,fluent,[形] 流暢な
933,translate,[他] ①～を翻訳する [自] ②（into ～）（結果として）～に変わる
934,define,[他] ①～を定義する ②～を規定する
935,interpret,[他] ①～を解釈する ②～を通訳する [自] ③通訳する
936,quote,[他] ①～を引用する ② ～に価格を提示する
937,literally,[副] 文字どおりに
938,indicate,[他] ①（データなどが）～を示す ②～を指し示す
939,reveal,[他] ～を明らかにする，暴露する
940,announce,[他] ～を発表する
941,broadcast,[他] ①～を放送する [名] ②（ 1 回の）放送
942,prove,[他] ①～を証明する ②（to be ～）～だとわかる
943,advertise,[他] ～を宣伝する
944,seek,[他] ①～を求める ②（to do）～しようと努める
945,entertain,[他] ①～を楽しませる ② ～をもてなす
946,amuse,[他] ～を楽しませる
947,attract,[他] ～を引きつける，魅了する
948,fascinate,[他] ～を魅了する，～にとても興味をもたせる
949,absorb,[他] ①（be －ed in ～）～に没頭する ②～を吸収する
950,fond,[形] ①好きで ② 懐かしい
951,scare,[他] ～をおびえさせる
952,alarm,[他] ①～をぎょっとさせる [名] ② 恐怖，不安
953,amaze,[他] ～を驚かせる
954,irritate,[他] （長期にわたって）～をいらいらさせる
955,puzzle,[他] ①～を当惑させる [名] ②難問，パズル
956,confuse,[他] ① ～を混乱させる，困惑させる ②（A with［and］ B） （A）を（Bと）混同する
957,bore,[他] ～をうんざりさせる，退屈させる
958,frustrate,[他] ① ～を欲求不満にさせる ②（計画など）を挫折させる
959,disappoint,[他] ～を失望させる
960,embarrass,[他] ～に恥ずかしい思いをさせる，困惑させる
961,ashamed,[形] 恥ずかしい
962,uneasy,[形] 不安な，胸騒ぎがする
963,hesitate,[自] ためらう
964,reluctant,[形] （to do）（～するのは）気が進まない
965,tremble,[自] 震える
966,boast,[自] ①自慢する [他] ②（場所や組織が）～を誇りにしている
967,jealous,[形] （of ～）（～に）嫉妬した
968,envy,[他] ①～を羨ましく思う [名] ② 羨望
969,yell,[自] ①叫ぶ，大声をあげる [名] ②叫び，わめき声
970,respect,[他] ①（人）を尊敬する ②（物）を尊重する [名] ③（for ～）（～に対する）尊敬，尊重 ④（in －）点
971,despair,[名] 絶望
972,emotion,[名] （特に強い）感情〈可算〉
973,sympathy,[名] ①同情 ② 共感
974,shame,[名] ①残念なこと ②恥
975,ambition,[名] （強い）願望，野望
976,confidence,[名] ①自信 ②（in ～）（～に対する）信頼
977,courage,[名] 勇気
978,ignore,[他] （人，物）を無視する
979,owe,[他] （A to B） ①（A）は（B の）おかげだ ②（A）を（B に）借りている
980,fear,[名] ①恐怖 [他] ② ～を恐れる ③ ～を心配する
981,method,[名] 方法
982,medium,[名] ①（情報伝達）手段，媒体，メディア [形] ② 中間の
983,means,[名] ①手段〈単複同形〉 ②（特定な表現で）財産，収入
984,extent,[名] 程度
985,extremely,[副] 極度に，非常に
986,total,[形] ①全体の ②（a －）まったくの [名] ③合計
987,largely,[副] ①大部分は ②主に
988,moderate,[形] 適度な，節度のある
989,somewhat,[副] いくぶん
990,subtle,[形] かすかな
991,possibly,[副] ①ひょっとすると ②（cannot －）どうしても（～できない）
992,eventually,[副] 最終的に，ついに
993,necessarily,[副] （not －）必ずしも（～ない）
994,frankly,[副] 率直に
995,ironically,[副] 皮肉なことに
996,moreover,[副] その上
997,otherwise,[副] ①さもなければ ② ほかの点では ③ ほかの方法で
998,regardless,[副] （of ～）（～とは）無関係に
999,worth,[前] ①～の価値がある ②（－ doing）（～する）価値がある [名] ③ 価値，（～）相当
1000,according to,[前] ①（調査，人の話など）によれば ②（能力など）に応じて
1001,propose,[他] ①～を提案する [自] ②（to ～）（～に）結婚を申し込む
1002,demand,[他] ①～を（強く）要求する [名] ②（for ～）（～への）要求，需要
1003,desire,[名] ①願望 [他] ②～を強く望む
1004,dismiss,[他] ①（意見や考えなど）を退ける ②～を解雇する
1005,bless,[他] ～を祝福する
1006,glory,[名] 栄光
1007,compliment,[名] ①褒め言葉，賛辞 [他] ②～を褒める
1008,feast,[名] ①宴会，祝宴 ②とても楽しいこと，喜ばせるもの
1009,declare,[他] ①～を宣言する ②（税関や税務署で）～を申告する
1010,demonstrate,[他] ～を（はっきり）示す，実演する
1011,highlight,[他] ①～を強調する [名] ②呼び物，目玉商品，ハイライト
1012,imply,[他] （暗に）～を意味する，ほのめかす
1013,recite,[他] ～を暗唱する
1014,ray,[名] ①光線 ②放射線 ③（a － of）一縷の，わずかな
1015,radiation,[名] 放射線
1016,laboratory,[名] 研究室，研究所
1017,oxygen,[名] 酸素
1018,molecule,[名] 分子
1019,compound,[名] ①化合物 [形] ②複合的な
1020,tissue,[名] ①組織 ②ティッシュペーパー
1021,cell,[名] ①細胞 ②電池 ③独房 （①②③いずれも〈可算〉)
1022,gene,[名] 遺伝子〈可算〉
1023,solid,[形] ①固体の ②ぎっしり詰まった [名] ③固体
1024,satellite,[名] ①（月などの）衛星 ②人工衛星
1025,orbit,[名] ①軌道 [他] ②（惑星などが）～を周回する
1026,launch,[他] ①（ロケットなど）を打ち上げる ②（運動，事業など）を始める [名] ③打ち上げ，開始，発売
1027,attempt,[名] ①試み [他] ②（to do）（～しようと）試みる
1028,capacity,[名] ①能力 ②容量，収容力
1029,capable,[形] ①（of ～）（～する）力がある ②有能な
1030,attain,[他] ①（人が主語）～を達成する ②（物，人が主語）～に到達する
1031,desperate,[形] ①必死の ②（状況が）絶望的な
1032,struggle,[自] ①苦闘する，もがく [名] ②苦闘，もがくこと〈可算〉
1033,dedicate,[他] （A to B）（A）を（B に）ささげる
1034,pain,[名] ①苦痛 ②（－s）苦労
1035,strain,[名] ①（心身の）負担，無理 [他] ②（目や筋肉など）を痛める
1036,remedy,[名] ①治療法，治療薬 ②改善策，対策（① ② いずれも〈可算〉）
1037,fatigue,[名] （ひどい）疲労〈不可算〉
1038,obesity,[名] （病的な）肥満
1039,nursing,[名] 看護
1040,terminal,[形] ①（病気が）末期の [名] ②終着［始発］駅（の建物），ターミナルビル
1041,pregnant,[形] 妊娠した
1042,heal,[他] ①～を治す [自] ②治る
1043,ankle,[名] 足首
1044,thumb,[名] 親指
1045,forehead,[名] 額，おでこ
1046,chin,[名] 下あご，あごの先端
1047,chest,[名] ①胸（部） ②（大きな木の）箱，密閉容器
1048,breast,[名] （主に女性の）胸，乳房
1049,lung,[名] 肺〈可算〉
1050,organ,[名] ①臓器，（動植物の）器官 ②（楽器）オルガン
1051,vision,[名] ①視力，視野 ②未来像 ③未来を見通す力，先見の明
1052,skeleton,[名] がい骨，骨格
1053,sensation,[名] ①感覚 ②（説明し難い）感情
1054,code,[名] ①（服装などの）規定 ②暗号
1055,agenda,[名] 議題，協議事項
1056,gender,[名] 性，性別
1057,liberty,[名] 自由
1058,humanity,[名] ①（集合的に）人類 ②（the －ies）人文科学 ③人間性
1059,mankind,[名] （集合的に）人類
1060,authority,[名] ①権威 ②権力 ③（－ies）当局
1061,justice,[名] 正義
1062,insurance,[名] 保険〈不可算〉
1063,hardship,[名] （主に経済的）苦難
1064,poverty,[名] 貧困〈不可算〉
1065,chaos,[名] 大混乱，混沌〈不可算〉
1066,isolation,[名] 孤立，分離，孤独感
1067,interaction,[名] ① 交流，やりとり ②相互作用
1068,region,[名] 地域
1069,proof,[名] ①証拠，証明〈不可算〉 [形] ②（複合語で）～を防ぐ，～に耐える
1070,principle,[名] ①原理，原則 ②主義，信念
1071,origin,[名] 起源
1072,setting,[名] ①環境，状況 ②（小説，劇，機械などの）設定，舞台
1073,monument,[名] 記念碑，遺跡，史跡
1074,mission,[名] ①任務，使命 ②使節団 ③（主にキリスト教の）布教（団）
1075,project,[名] ①計画，企画 [他] ②（予算など）を見積もる ③～を投影する
1076,revolution,[名] 革命
1077,pension,[名] 年金〈可算〉
1078,found,[他] ～を創立する
1079,contract,[名] ①契約 [他] ②～を契約する ③（病気）に感染する
1080,negotiate,[自] ①（with ～）（～と）交渉する [他] ②（交渉の上で，条件など）を取り決める
1081,cooperate,[自] （with ～）（～と）協力する，（in ～）（～を）協力する
1082,restore,[他] ①（治安など）を回復する ②（古い建物，絵など）を修復する
1083,conservative,[形] 保守的な
1084,affair,[名] ①（－s）情勢 ②（スキャンダラスな）事件 ③ 情事，浮気
1085,agency,[名] ①（政府）機関 ②代理店
1086,council,[名] 議会
1087,kingdom,[名] ①王国 ②（the ～ kingdom）～界，社会
1088,republic,[名] 共和国
1089,empire,[名] 帝国
1090,security,[名] ①（国家などの）安全 ②防犯，防衛
1091,aid,[名] 援助，救援物資〈不可算〉
1092,reform,[名] 改革
1093,mayor,[名] 市長
1094,minister,[名] ①大臣 ②牧師
1095,poll,[名] ①（政治関連の）世論調査 ②投票 [他] ③（得票）を得る
1096,fortune,[名] ①財産 ②運
1097,property,[名] ①（主に集合的）財産，資産 ②（建物を含む）所有地 ③（物質の）特性
1098,fund,[名] ①（－s）資金 ②基金 [他] ③～に資金を出す
1099,stock,[名] ①株（式） ②在庫品，蓄え
1100,bankrupt,[形] 倒産した，破産した
1101,labor,[名] ①労働 ②（集合的に）労働者 ③努力，陣痛
1102,overwork,[自] ①働きすぎる [他] ②～を働かせすぎる，酷使する [名] ③過労
1103,firm,[名] ①会社 [形] ②（土台，信念などが）固い ③（体が）引き締まった
1104,union,[名] ①労働組合 ②合併 ③連邦
1105,administration,[名] ①経営，運営 ②行政 ③政権 （①②は〈不可算〉）
1106,secretary,[名] ①秘書 ②（米国の各省の）長官，事務局長
1107,editor,[名] （新聞，雑誌などの）編集長，（書籍の）編集者
1108,client,[名] ①依頼人 ②（サービス業の）取引先
1109,colleague,[名] （from ～）（～の）同僚
1110,basis,[名] ①基礎，根拠 ②（on a ～ basis）（～を）基準（として）
1111,element,[名] ①（最も重要な）要素，（化学の）元素 ②（the －s）自然の力，悪天候 ③（an － of ～）少しの～
1112,constitute,[他] ①（主語が複数）～を構成する ②（主語が単数）～である
1113,unify,[他] ～を統一する
1114,unite,[自] ①団結する [他] ②～を団結させる
1115,combine,[他] ①（A with B） （A）を（B と）結びつける，同時に行う [自] ②結びつく
1116,murder,[名] ①殺人 ②（形容詞的に）殺人の [他] ③（計画的に）～を殺す
1117,arrest,[他] ①～を逮捕する [名] ②逮捕
1118,prison,[名] 刑務所
1119,vice,[名] ①（売春，麻薬などの）犯罪〈不可算〉 ②悪徳 [形] ③ 副～
1120,witness,[名] ①目撃者，証人 ② 証言 [他] ③～を目撃する
1121,conflict,[名] ①対立，紛争 ②葛藤 [自] ③（with ～）（～と）矛盾する
1122,bullet,[名] 弾丸
1123,wound,[名] ①傷 [他] ②～を傷つける
1124,triumph,[名] ①勝利 [自] ②勝利する
1125,military,[形] 軍事的な
1126,strategy,[名] 戦略
1127,conquer,[他] ①（国や地域）を征服する ②（病気や恐怖など）を克服する
1128,defend,[他] （A from B）（B からA）を守る
1129,quarrel,[自] ①（with ～）（～と）口論する [名] ②口論
1130,rob,[他] ①（銀行など）を襲う ②（A of B）（A）から（B を）奪う
1131,deprive,[他] （A of B） （A）から（B を）奪う
1132,devastate,[他] ①（町など）を壊滅させる ②（人）を打ちのめす
1133,hazard,[名] 危険（になり得るもの）
1134,orphan,[名] 孤児
1135,infant,[名] （主に歩く前の）幼児
1136,slave,[名] ①奴隷 ②（to ～）（比喩的に）（～の）奴隷
1137,acquaintance,[名] ①知人 ②面識，（ちょっとした）知識
1138,merchant,[名] 商人
1139,resident,[名] ①住人，居住者 ②滞在者 [形] ③住んでいる
1140,crew,[名] ①（集合的に）乗組員 ②（取材などの）チーム
1141,commute,[自] ①通勤する [名] ②通勤
1142,chase,[他] ①～を追いかける [名] ②追跡
1143,overtake,[他] ～を追い越す
1144,fade,[自] （色，記憶などが）薄れる
1145,dissolve,[自] ①溶ける [他] ②～を溶かす ③（議会など）を解散する
1146,float,[自] ①浮かぶ [他] ②～を浮かべる
1147,sink,[自] ①沈む [他] ②～を沈める [名] ③（台所の）流し
1148,fluctuate,[自] （数値，物価が）変動する
1149,circulate,[自] ①循環する，流布する [他] ②～を循環させる
1150,transform,[他] ①～を（大幅に）変える [自] ②（大幅に）変形する，変身する
1151,shift,[名] ①（考え方の）転換 ②（勤務の）交替
1152,modify,[他] ～を修正する
1153,revise,[他] （制度，予測，論文など）を修正する，改正する
1154,vehicle,[名] ①（エンジンの付いた）車両 ②（思想，意見の）伝達手段
1155,voyage,[名] 航海，船旅
1156,confirm,[他] ①～を確認する ②～を裏付ける
1157,ensure,[他] ～を確実にする
1158,address,[他] ①～に取り組む ②～に呼びかける [名] ③演説 ④住所
1159,approach,[名] ①（to ～）（～への）取り組み方，接近 [他] ②～に取り組む，接近する
1160,resolve,[他] ①～を解決する ②（to do）（～する）決心をする
1161,settle,[他] ①（紛争など）を解決する ②～を置く，据える [自] ③定住する ④（on ～）（～を）決める
1162,warn,[他] ～に警告する
1163,force,[他] ①～に強いる [名] ②力，武力
1164,boost,[他] ～を促進させる，増大させる
1165,appeal,[自] ①（to ～）（～に）訴える [名] ②魅力，人気 ③（for ～）（～に対する）訴え
1166,leap,[自] ①跳ぶ [名] ②躍進，急増
1167,grab,[他] ①（ぐいっと）～をつかむ ②（急いで食事，睡眠）をとる
1168,seize,[他] ①～をつかむ ②（麻薬など）を押収する，（犯人）を捕らえる
1169,cast,[他] ①～を投げる ②（光など）を投げかける ③～に役を与える
1170,slap,[他] ～を平手打ちする
1171,stun,[他] ①～を気絶させる ②～をぼう然とさせる
1172,illuminate,[他] ①～を照らす ②（問題など）を解明する
1173,mend,[他] ～を修繕する
1174,react,[自] （to ～）（～に）反応する
1175,endure,[他] （長期にわたり）～に耐える
1176,encounter,[他] ①～に偶然出会う ②（問題，反対など）に遭う [名] ③出会い
1177,neglect,[他] ①～を怠る，放置する ②（子ども）の世話をしない [名] ③放置
1178,undergo,[他] ～を経験する
1179,trace,[他] ①～を捜し出す ②～の追跡調査をする [名] ③（微妙な）跡
1180,conduct,[他] ①～を行う ②（電気，熱）を伝える [名] ③行為
1181,emerge,[自] ①（隠れていたものが）現れる ②（国家などが）台頭する
1182,unfold,[自] ①展開する，はっきりしてくる [他] ②～を広げる
1183,derive,[自] ①（from ～）（～に）由来する [他] ②～を引き出す，得る
1184,possess,[他] ～を所有している
1185,retain,[他] ～を保持する
1186,secure,[他] ①（場所，地位，契約など）を確保する [形] ②安全で，守られて
1187,capture,[他] ①～を捕らえる [名] ②捕獲，（敵地の）攻略
1188,inquiry,[名] ①（into ～）（～の）調査 ②質問，問い合わせ
1189,specialize,[自] （in ～） ①〈英〉（～を）専攻する ②（～を）専門にする
1190,semester,[名] （米，日本などの2 学期制の）学期
1191,biology,[名] 生物学
1192,ecology,[名] 生態（学）
1193,philosophy,[名] ①（学問としての）哲学〈不可算〉 ②人生哲学，考え方〈可算〉
1194,geography,[名] 地理（学）
1195,psychology,[名] ①心理学 ②心理
1196,institution,[名] ①（大学，病院などの）機関 ②（結婚などの）制度
1197,dormitory,[名] 寮
1198,notion,[名] 考え
1199,concept,[名] 概念，考え
1200,meditation,[名] ①瞑想 ②熟考
1201,insight,[名] ①（into ～）（～に対する）洞察（力） ②見識
1202,outlook,[名] ①（人生，世界などに対する）考え方 ②（経済，天候などの）見通し
1203,caution,[名] ①用心 ②警告 [他] ③～に注意［警告］を与える
1204,will,[名] ①意志 ②遺書
1205,option,[名] 選択肢，選択（の自由）
1206,nightmare,[名] ①悪夢 ②悪夢のようなこと
1207,keen,[形] ①（頭脳，感性などが）鋭い ②（be － on ～）（～に）熱中して，好きで
1208,cherish,[他] ～を大切にする，胸に抱く
1209,intend,[他] （to do）～するつもりだ
1210,suspect,[他] ①（that S V）～ではないかと思う ②～に嫌疑をかける [名] ③容疑者
1211,comprehend,[他] ～を（十分に）理解する
1212,misunderstand,[他] （人，人の言うこと）を誤解している
1213,identify,[他] ①～を（何なのか）特定する ②（A with B）（A）を（B と）同一視する ③（with ～）（～に）なりきる
1214,permit,[他] ①～を許可する [名] ②許可証
1215,acknowledge,[他] ～を認める
1216,trim,[他]①～を刈り込む，切り取る [形] ②こぎれいな
1217,omit,[他] ～を省く
1218,cultivate,[他] ①～を耕す ②～を育む ③～を磨く
1219,shade,[名] ①日陰，（絵画，写真の）陰の部分，ブラインド ②（意味などの）わずかな違い
1220,breeze,[名] そよ風
1221,desert,[名] ①砂漠 [他] ②～を見捨てる
1222,fog,[名] 霧
1223,moisture,[名] 湿気，水分
1224,damp,[形] 湿った，じめじめした
1225,path,[名] （小）道
1226,trail,[名] ①山道 ②跡 ③（a － of destruction）爪跡
1227,stream,[名] ①小川 ②（a － of ～）（～の）流れ
1228,tide,[名] ①潮（の干満），潮流 ②時流
1229,habitat,[名] 生息地
1230,layer,[名] （大気や地面などの）層
1231,volcano,[名] 火山
1232,mine,[名] ①鉱山 ②地雷（＝landmine）
1233,scent,[名] ①（花，果物の良い）香り ②（動物が残したそれ自身の）臭い
1234,wheat,[名] 小麦
1235,swallow,[名] ①ツバメ [他] ②～を飲み込む
1236,web,[名] ①（クモの）巣 ②インターネット（www＝the World Wide Web）
1237,cattle,[名] ウシ
1238,kitten,[名] 子ネコ
1239,organism,[名] 生物
1240,wildlife,[名] 野生生物
1241,beast,[名] 野獣
1242,ape,[名] 類人猿
1243,mammal,[名] 哺乳動物，哺乳類
1244,flock,[名] ①（鳥，羊の）群れ [自] ②群れる
1245,breed,[自] ①繁殖する [他] ②～を繁殖させる ③～を引き起こす [名] ④品種，血統
1246,reproduce,[自] ①繁殖する [他] ②～を繁殖させる ③（音，絵など）を再現する
1247,hatch,[自] ①（卵から）かえる，孵化する [他] ②（卵から）～をかえす
1248,diligent,[形] 勤勉な
1249,noble,[形] ①高潔な ②貴族の [名] ③貴族〈可算〉
1250,arrogant,[形] 傲慢な
1251,timid,[形] 臆病な
1252,humble,[形] ①控えめな ②卑しい，貧しい
1253,inclined,[形] ①（be ～ to do）～する傾向がある ②～したい気持ちだ
1254,principal,[形] ①主要な [名] ②〈米〉校長
1255,prime,[形] ①（目標，容疑者などが）最重要な [名] ②素数
1256,indispensable,[形] 不可欠な
1257,grave,[形] ①重大な [名] ②墓（穴）
1258,definite,[形] 明確な
1259,evident,[形] 明らかな
1260,prominent,[形] ①（物が）目立った ②（人が）著名な，重要な
1261,marked,[形] （名詞の前で）際立った，著しい
1262,grace,[名] ①優美さ ②（say －）（食事の前後の）感謝の祈り（をささげる）
1263,charm,[名] ①魅力 ②（a good-luck －）お守り，まじない
1264,rational,[形] 理性的な
1265,magnificent,[形] 壮大な，素晴らしい
1266,superior,[形] ①（be － to ～）（～）より優れている [名] ②上役，上司
1267,loyal,[形] （to ～）（～に）忠実な
1268,horrible,[形] （物，天気などが）とてもひどい，ぞっとする
1269,miserable,[形] 悲惨な，とても不幸な
1270,dull,[形] ①退屈な ②切れ味が悪い ③鈍い
1271,nasty,[形] （人，物，発言などが）不快な
1272,insane,[形] 正気でない
1273,ridiculous,[形] ばかげた
1274,notorious,[形] （for ～）（～で）悪名高い
1275,evil,[形] ①（道徳的に）悪い [名] ②悪
1276,mess,[名] ①乱雑 [自] ②（with ～）（～を）からかう，ちょっかいを出す
1277,vast,[形] ①（地域，土地が）広大な ②（数量が）莫大な
1278,huge,[形] 巨大な
1279,tiny,[形] とても小さな
1280,sphere,[名] ①球体 ②範囲，領域
1281,strip,[名] ①細長い一片 [他] ②（罰として）～から奪う [自] ③裸になる
1282,internal,[形] ①内部の ②国内の
1283,mobile,[形] ①流動的な [名] ②携帯電話
1284,steep,[形] ①（坂などが）険しい ②（増減が）急な，（価格などが）異常に高い
1285,intense,[形] （感情，競争などが）強烈な
1286,abstract,[形] ①抽象的な [名] ②（論文などの）要旨
1287,inevitable,[形] 避けられない，必然的な
1288,neutral,[形] ①中立の [名] ②中立
1289,brief,[形] ①手短な，簡潔な [名] ②要約
1290,potential,[形] ①潜在的な [名] ②潜在能力，可能性〈不可算〉
1291,tough,[形] ①たくましい，頑強な ②骨の折れる，厳しい
1292,secondhand,[形] ①中古の ②間接的な
1293,resemble,[他] ～に似ている
1294,contrary,[名] ①（on the －）それどころか [副] ②（－ to A）（A とは）反対に [形] ③（（名詞） to the －）それとは反対の～
1295,category,[名] 範疇
1296,scope,[名] 範囲
1297,respective,[形] それぞれの
1298,given,[形] ①（時間，量などが）定められた [前] ②～を考慮すると
1299,peculiar,[形] ①（to ～）（～に）固有の ②独特な，変な
1300,plenty,[名] （of ～）十分な～，たくさんの～
1301,sufficient,[形] 十分な
1302,numerous,[形] 多くの
1303,substantial,[形] ①かなりの，たくさんの ②内容のある，重要な
1304,unit,[名] 単位
1305,diameter,[名] 直径
1306,quantity,[名] 量
1307,deficiency,[名] 欠乏，不足
1308,lessen,[他] ～を減らす
1309,era,[名] 時代
1310,session,[名] ①（活動の）期間 ②（議会などの）会期 ③（ある活動の）集まり
1311,pause,[名] ①休止 [自] ②休止する
1312,meanwhile,[副] ①その間 ②（対比を示して）その一方で
1313,souvenir,[名] 土産，記念品
1314,brick,[名] ①れんが ②〈英〉（おもちゃの）積み木
1315,pole,[名] ①棒，さお，柱 ②（天体，地球の）極
1316,thread,[名] ①糸 [他] ②～に糸を通す
1317,mischief,[名] いたずら〈不可算〉
1318,superstition,[名] 迷信
1319,storage,[名] 貯蔵，保管〈不可算〉
1320,shelter,[名] ①避難（所） ②住居
1321,garment,[名] 衣類
1322,cabinet,[名] ①戸棚 ②（the C－）内閣
1323,recipe,[名] ①レシピ，調理法 ②秘訣，原因
1324,brochure,[名] パンフレット
1325,shipping,[名] （商品の）発送
1326,fetch,[他] （主に〈英〉）～を取って来る
1327,distribute,[他] ①～を分配する，配る ②（be －d）分布している
1328,statue,[名] 像
1329,sculpture,[名] 彫刻
1330,carve,[他] ～を彫る，刻む
1331,myth,[名] ①（俗説という意味での）神話 ②（古代の）神話
1332,craft,[名] ①工芸（品） ②（職人の）技術 ③船，乗り物
1333,journal,[名] ①雑誌，専門誌 ②（公的な）日誌，日記
1334,heaven,[名] ①天国 ②（the －s）空
1335,funeral,[名] 葬式
1336,soul,[名] ①魂 ②（慣用句あるいは否定文で）人
1337,priest,[名] 神父，僧侶，牧師，聖職者
1338,faith,[名] ①（主に宗教上の）信仰 ②信頼
1339,sacred,[形] 神聖な
1340,divine,[形] 神の
1341,context,[名] ①文脈 ②状況
1342,singular,[形] ①単数の ②（褒めて）比類なき ③奇妙な
1343,command,[名] ①言語を操る力 ②命令 [他] ③～を集める ④～を見渡せる
1344,instance,[名] 例
1345,narrative,[名] 語り，物語
1346,dialogue,[名] ①（本，劇，映画の中の）会話 ②対談，対話
1347,usage,[名] 語法
1348,accent,[名] ①訛 ②アクセント
1349,temper,[名] ①気性 ②平静（な気分）
1350,affection,[名] 愛情
1351,enthusiasm,[名] 情熱，熱意
1352,passion,[名] 情熱
1353,rage,[名] ①激怒 [自] ②（戦争，病気が）激しく続く，猛威をふるう
1354,sorrow,[名] 悲しみ
1355,incredible,[形] 信じられない
1356,chuckle,[自] ①くすくす笑う [名] ②くすくす笑うこと
1357,tease,[他] ～をからかう，冷やかす
1358,dare,[他] ①（to do）思い切って～する [助] ②（do）思い切って～する
1359,willing,[形] （be － to do）嫌がらずに～する
1360,scream,[自] ①悲鳴を上げる [名] ②悲鳴
1361,soothe,[他] ①（人）をなだめる ②（痛みなど）をやわらげる
1362,tempt,[他] ～を誘惑する
1363,scold,[他] ～を叱る
1364,oppress,[他] ～を圧迫する，虐げる
1365,threaten,[他] ①（to do）～すると脅す ②～を脅かす ③～のおそれがある
1366,delight,[他] ①～を喜ばせる [名] ②（大）喜び
1367,astonish,[他] ～を（とても）驚かせる
1368,mourn,[他] ～を嘆く，悼む
1369,offend,[他] （人，物が）～を怒らせる，～の気分を害する
1370,depress,[他] ～を憂うつにさせる，落ち込ませる
1371,sacrifice,[他] ①～を犠牲にする [名] ②犠牲
1372,impulse,[名] 衝動
1373,curse,[名] ①災いの元 ②呪い [他] ③～を呪う，ののしる
1374,factor,[名] 要因
1375,stem,[自] ①（from ～）（～が）原因である [名] ②茎，幹，ワイングラスの脚
1376,trigger,[他] ①～のきっかけになる，～を誘発する [名] ②（銃の）引き金
1377,consequence,[名] ①結果 ②（of －） 重要性
1378,process,[名] ①過程 [他] ②～を加工する，処理する
1379,resort,[自] ①（to ～）（～に）訴える [名] ②行楽地 ③手段
1380,formula,[名] ①方法 ②秘けつ ③（数学，化学などの）式，公式
1381,procedure,[名] 手続き，手順
1382,extraordinary,[形] ①並外れた ②臨時の（会議など） ③特命の（大使など）
1383,absolute,[形] 絶対的な
1384,overwhelming,[形] 圧倒的な
1385,altogether,[副] ①完全に ②全部で
1386,entire,[形] すべての
1387,tremendous,[形] すさまじい
1388,sheer,[形] ①（数量やサイズを強調して）とてつもない～の ②まったくの
1389,partial,[形] ①部分的な ②不公平な ③（to ～）（～が）大好きで
1390,barely,[副] ①かろうじて ②ほとんど～ない
1391,slight,[形] わずかな
1392,approximately,[副] （数量が）おおよそ，約
1393,frequently,[副] 頻繁に
1394,apparently,[副] ①どうやら～らしい ②見たところでは
1395,merely,[副] ①（主に名詞の前で）～にすぎない ②（動詞などの前で）単に
1396,nevertheless,[副] それにもかかわらず
1397,somehow,[副] ①何らかの方法で ②何らかの理由で，どういうわけか
1398,thus,[副] ①それゆえ（に） ②このように
1399,pretty,[副] ①まあまあ [形] ②かわいい
1400,despite,[前] ～にもかかわらず
1401,assert,[他] ～と断定する，～を主張する
1402,defy,[他] ①～に逆らう ②～を拒む
1403,condemn,[他] ①～を非難する ②～に（刑の）宣告をする ③ ～を強いる
1404,contradict,[他] ①～と矛盾する ②～に反論する
1405,cite,[他] ～を引き合いに出す，引用する
1406,illustrate,[他] ①（例で）～を説明する，例証する ②～に挿絵を入れる，～を図解する
1407,articulate,[他] ①（考えなど）をはっきり述べる [形] ②考えを明確に表現できる
1408,advocate,[名] ①提唱者，支持者 [他] ②～を主張する，支持する
1409,breakthrough,[名] 飛躍的進歩，大発見
1410,evolution,[名] 進化
1411,innovation,[名] 革新
1412,probe,[名] ①探査機 [他] ②～を調査する
1413,fluid,[名] ①流体 [形] ②流動的な，なめらかな
1414,particle,[名] ①粒子 ②（not a － of A）（A の）かけら（もない）
1415,gravity,[名] ①重力 ②重大さ
1416,friction,[名] 摩擦
1417,mutation,[名] 突然変異
1418,heredity,[名] 遺伝
1419,hypothesis,[名] 仮説
1420,specimen,[名] ①標本 ②サンプル
1421,microscope,[名] 顕微鏡
1422,realm,[名] 領域，領土
1423,acid,[形] ①酸性の ②辛辣な
1424,toxic,[形] 有害な，有毒な
1425,poison,[名] 毒
1426,strive,[自] 努力する
1427,endeavor,[名] ①努力，試み [他] ②～を（懸命に）努力する，試みる
1428,manufacture,[他] ①～を製造する [名] ②製造，製品
1429,yield,[他] ①～を産出する [自] ②（to ～）（～に）屈する [名] ③産出量
1430,duplicate,[他] ①～を複製する [名] ②複製品 [形] ③複製の
1431,assemble,[他] ①～を組み立てる [自] ②集まる
1432,mold,[他] ①～を（型に入れて）作る ②（人格，意見など）を形成する
1433,coin,[他] ①～を作り出す [名] ②硬貨
1434,physician,[名] ①〈米〉医師 ②〈英〉内科医
1435,veterinarian,[名] 獣医
1436,therapy,[名] 治療（法）
1437,injection,[名] 注射
1438,dose,[名] （1回分の）服用量
1439,sanitation,[名] 衛生
1440,germ,[名] 細菌，ばい菌〈可算〉
1441,tumor,[名] 腫瘍〈可算〉
1442,agony,[名] 苦痛
1443,disorder,[名] （心身の）不調
1444,plague,[名] ①（大規模な）疫病，伝染病，災害 [他] ②～を苦しめる
1445,epidemic,[名] （大）流行
1446,diagnosis,[名] 診断
1447,mortality,[名] ①（－ rate）死亡率 ②死すべき運命
1448,chronic,[形] 慢性の
1449,immune,[形] 免疫の（ある）
1450,choke,[自] ①（on ～）（～で）息が詰まる，窒息する [他] ②～を窒息させる
1451,paralyze,[他] ～を麻痺させる
1452,infect,[他] （人，動物，地域）に感染させる，伝染する
1453,prescribe,[他] ①（薬など）を処方する ②（行為など）を指示する
1454,digest,[他] ①～を消化する ②～を理解する [名] ③要約
1455,weary,[形] ①（極度に）疲れている ②うんざり［飽き飽き］している
1456,nourish,[他] ①～に栄養を与える ②（考えなど）を抱く
1457,flesh,[名] （人，動物の皮，骨に対する）肉
1458,kidney,[名] 腎臓
1459,posture,[名] 姿勢
1460,limb,[名] 手足（の1 本）
1461,erect,[形] ①直立した [他] ②～を建てる
1462,compensate,[他] （A for B） （A）に（B を）補償する
1463,flourish,[自] 栄える
1464,abuse,[名] ①虐待 ②乱用 [他] ③～を悪用する
1465,bias,[名] 偏見
1466,prestige,[名] 名声，威信
1467,privilege,[名] 特権
1468,feat,[名] 偉業
1469,dignity,[名] 威厳
1470,virtue,[名] ①美徳 ②（人，物の個々の）長所 ③（by － of ～）～のために
1471,aristocracy,[名] 貴族（階級，社会）
1472,rebel,[名] ①反逆者 [自] ②（against ～）（～に）反逆する，反抗する
1473,scheme,[名] ①〈英〉計画 ②陰謀
1474,convention,[名] ①会議，大会 ②慣習 ③条約
1475,conference,[名] （on ～）（～に関する）会議
1476,consent,[名] ①合意 [自] ②（to ～）（～に）合意する
1477,initiative,[名] ①新構想，新計画 ②主導権
1478,province,[名] ①（カナダなどの）州，（中国の）省 ②（the －s）地方
1479,colony,[名] ①植民地 ②（アリなどの）群落
1480,frontier,[名] ①辺境，（主に〈英〉）国境 ②（the －s）最前線
1481,tribe,[名] 部族，種族
1482,primitive,[形] 原始的な，未開の
1483,ethnic,[形] 民族の，民族的な
1484,anonymous,[形] 匿名の
1485,coverage,[名] ①報道 ②（保険の）補償（範囲）
1486,obligation,[名] ①（社会に対する）責務 ②（個人に対する）恩義
1487,norm,[名] ①ふつうのこと ②（－s）規範
1488,patent,[名] ①特許（権） [他] ②～の特許をとる [形] ③明白な，見えすいた
1489,entitled,[形] ①（to ～）（～の）権利がある ②～と題された
1490,donate,[他] ①～を寄付する ②（臓器など）を提供する
1491,conform,[自] （to ～）（～に）合わせる
1492,comply,[自] （with ～）（～に）従う， 遵守する
1493,legislation,[名] （集合的に）法律〈不可算〉
1494,testimony,[名] （法廷などでの）証言
1495,jury,[名] 陪審（員団）
1496,legitimate,[形] ①正当な ②合法の
1497,enforce,[他] ①～を施行する ②～を強制する
1498,regime,[名] 政権，政治体制
1499,bureaucracy,[名] ①官僚制度，官僚主義 ②（集合的に）官僚
1500,corruption,[名] 腐敗，汚職
1501,tyranny,[名] ①圧政，専制政治 ②暴虐（な行為）
1502,sanction,[名] ①（－s）制裁 ②（公的な）認可
1503,census,[名] 国勢調査
1504,candidate,[名] （for ～）（～の）候補（者），（～に）なりそうな人［物］
1505,senator,[名] 〈米〉（しばしばS－）上院議員
1506,ambassador,[名] 大使
1507,diplomat,[名] 外交官
1508,refugee,[名] 難民
1509,territory,[名] ①領土 ②（動物などの）縄張り，（学問などの）領域
1510,ally,[名] ①同盟国，協力者 [自] ②（with ～）（～と）提携する
1511,federal,[形] 連邦の
1512,feudal,[形] （主に欧州の）封建制の
1513,communist,[形] ①共産主義（者）の [名] ②共産主義者
1514,estate,[名] ①（全）財産 ②地所
1515,asset,[名] 財産，資産
1516,revenue,[名] （国などの）歳入，（事業などの）収益
1517,deficit,[名] （会社，国の）赤字
1518,commerce,[名] 商業
1519,output,[名] ①生産高 ②（エンジン，発電機などの）出力
1520,subsidy,[名] 補助金
1521,monopoly,[名] 独占（権，品），独占企業
1522,transaction,[名] 取り引き
1523,corporation,[名] 企業，法人
1524,enterprise,[名] ①企業 ②（冒険的な）事業
1525,venture,[名] ①（ベンチャー）事業 [自] ②危険を冒して行く
1526,headquarters,[名] 本社，本部
1527,personnel,[名] ①（官庁，会社などの）全職員〈複数扱い〉 ②人事
1528,expertise,[名] 専門的知識，専門的技術〈不可算〉
1529,quota,[名] ノルマ，割り当て
1530,warehouse,[名] 倉庫，〈英〉問屋
1531,toil,[自] ①（長時間）骨折って働く [名] ②骨の折れる仕事
1532,undertake,[他] （仕事など）を引き受ける，始める
1533,merge,[自] ①合併する [他] ②～を合併させる
1534,comprise,[他] ①～から成る ②（割合）を占める
1535,component,[名] 構成要素，（車などの）部品
1536,framework,[名] ①枠組 ②骨組み
1537,prototype,[名] ①（of［for］～）（～の）原型 ②試作品 ③典型
1538,dimension,[名] ①（問題などの）側面，要因，次元 ②（－s）寸法，大きさ
1539,margin,[名] ①余白，欄外 ②（票などの）差 ③端
1540,relevant,[形] 関連のある
1541,compatible,[形] （with ～）（～と）適合する，互換性がある
1542,correspond,[自] ①（to［with］～）（～と）一致する ②（with ～）（～と）（メールや手紙で）やりとりをする
1543,identical,[形] 同一の，うり二つの
1544,equivalent,[形] ①等しい [名] ②同等のもの
1545,random,[形] 無作為の，でたらめの
1546,warrior,[名] 戦士
1547,assault,[名] 襲撃，暴行
1548,troop,[名] （－s）軍隊
1549,torture,[名] ①拷問 ②辛いこと [他] ③～を拷問にかける
1550,dispute,[名] ①論争，紛争 [他] ②～に異議を唱える
1551,riot,[名] 暴動
1552,persecution,[名] 迫害
1553,dominate,[他] ～を支配する
1554,slaughter,[他] ～を虐殺する，（食肉用に）殺す
1555,suppress,[他] ①（反乱，暴動）を鎮圧する ②（笑い，怒り）を抑える
1556,surrender,[自] ①（to ～）（～に）降伏する [他] ②～を引き渡す
1557,contend,[自] ①（with ～）（～と）戦う [他] ②（that S V）（～と）（強く）主張する
1558,hostile,[形] ①敵意のある ②敵の ③（環境などが）厳しい
1559,wreck,[名] ①（乗り物，家の）残骸 ②（健康を損ね）ボロボロの人
1560,toll,[名] ①犠牲［死傷］者（数），被害 ②（高速道路などの）通行料 ③通話料
1561,disrupt,[他] （活動の進行など）をかき乱す
1562,interfere,[自] （with ～）（～を）邪魔する，干渉する
1563,confront,[他] ①（困難などが人）に立ちふさがる ②（人が困難など）に直面する，
1564,hinder,[他] ～を妨げる
1565,explode,[自] ①爆発する ②爆発的に増加する
1566,collide,[自] （with ～）（～と）衝突する
1567,nephew,[名] 甥
1568,spouse,[名] 配偶者
1569,heir,[名] 相続人，後継者
1570,folk,[名] ①民族 ②人々
1571,peer,[名] ①（－s）同等の人，同輩 [自] ②（よく見えなくて）じっと見る
1572,proceed,[自] ①（順を追って）進む ②（to do）（さらに続けて）～する
1573,navigate,[自] ①（旅などで）進路を決める [他] ②～を航行する，誘導する
1574,roam,[自] 歩き回る
1575,flee,[自] 逃亡する
1576,retreat,[自] ①退く [名] ②撤退，退却
1577,crawl,[自] 這って進む，這うように進む
1578,drift,[自] 漂う
1579,alter,[他] ～を変える
1580,convert,[他] ①（A into B）（A）を（B に）転換する ②～を改宗させる
1581,shrink,[自] ①縮む ②（数量が）減る [他] ③～を縮ませる，減らす
1582,wither,[自] しおれる，しぼむ
1583,transition,[名] 移り変わり，推移
1584,distortion,[名] 歪めること
1585,enhance,[他] ～を向上させる
1586,reinforce,[他] ～を補強する
1587,foster,[他] ①（才能など）を育成する ②～の里親になる [形] ③里親の
1588,breakdown,[名] ①崩壊 ②故障 ③衰弱
1589,collapse,[自] ①崩壊する，倒れる [名] ②崩壊，倒れること
1590,render,[他] ①（SVOC）（O）を（C）にする ②（援助など）を与える
1591,impair,[他] （人間の機能など）を低下させる，損なう
1592,deteriorate,[自] 悪化する
1593,undermine,[他] ～を弱める，揺るがす
1594,tackle,[他] ～に取り組む
1595,disposal,[名] ①（at one's －）～を自由にする ②処分，廃棄
1596,confine,[他] ①～を閉じ込める ②（活動など）を制限する
1597,designate,[他] （通例，受け身で）～を指定する
1598,regulate,[他] ①（主に規則によって）～を規制する ②（機器など）を調整する
1599,prohibit,[他] ～を禁じる
1600,refrain,[自] （from ～）（～を）控える
1601,curb,[他] ①～を抑制する [名] ②縁石
1602,restrain,[他] ～を抑制する
1603,halt,[他] ①～を止める [自] ②止まる [名] ③停止
1604,animate,[他] ①～を活気づける ②～をアニメ化する
1605,spur,[他] ①～を駆り立てる，促す [名] ②拍車，刺激，動機
1606,urge,[他] ①～をせき立てる，～に強く勧める [名] ②（何かがしたい）衝動
1607,lure,[他] ①～を誘い込む [名] ②魅力，誘惑
1608,stimulate,[他] ～を刺激する
1609,compel,[他] （A to do）（A）に（～することを）強制する
1610,dictate,[他] ①～を書き取らせる ②～を命令する，規定する
1611,blur,[他] ①～をぼやかす [自] ②ぼやける
1612,divert,[他] ①（川など）の方向を変える ②（注意など）をそらす
1613,reverse,[他] ①～を逆転する，覆す [名] ②逆 [形] ③逆の
1614,supplement,[他] ①（栄養，収入など）を補う [名] ②補充，栄養補助食品 ③付録
1615,pose,[他] ～をもたらす
1616,stroll,[自] 散策する
1617,shrug,[他] ①（肩）をすくめる [自] ②肩をすくめる
1618,sniff,[自] ①（くんくん）臭いをかぐ ②（かぜや泣いて）鼻をすする
1619,embrace,[他] ①～を抱擁する ②（思想など）を受け入れる
1620,betray,[他] ①～を裏切る ②～を漏らす，（うっかり）さらけ出す
1621,deceive,[他] ～をだます
1622,bully,[他] ①～をいじめる [名] ②いじめっ子
1623,squeeze,[他] ①（果汁など）を搾る ②（手，指で）～を強く押す
1624,insert,[他] ①～を差し込む ②（語句など）を書き込む
1625,detach,[他] （A from B） （A）を（B から）切り離す
1626,withdraw,[他] ①～を引っ込める ②（預金など）を引き出す [自] ③退く
1627,withstand,[他] ～に耐える
1628,exert,[他] （力，影響力など）を働かせる
1629,compile,[他] ～をまとめる，編集する
1630,browse,[自] ①拾い読みする [他] ②～を拾い読みする
1631,manipulate,[他] ～を操作する
1632,implement,[他] ①（契約，計画など）を実行する [名] ②（単純な）道具
1633,execute,[他] ①～を遂行する，実行する ②～を処刑する
1634,host,[他] ①（大会など）を主催する [名] ②（a － of）多くの ③（客を接待する）主人（＊女性も含む），主催者，開催地
1635,mount,[他] ①～を据え付ける ②（馬，自転車）に乗る [自] ③増加する
1636,discharge,[他] ①～を排出する ②（職務，任地などから）～を解放する
1637,drain,[他] ①～の水を抜く ②～の水分を切る [自] ③（液体が）流出する，乾く
1638,soak,[他] ①～を浸す ②（up）（日光，考えなど）を吸収する
1639,suspend,[他] ①～をつるす ②～を中断する ③～を停職［停学］にする
1640,extract,[他] ①～を取り出す，抽出する [名] ②抽出したもの，抜粋
1641,summon,[他] ①～を呼ぶ，召喚する，喚問する ②（勇気など）を奮い立たせる
1642,embark,[自] （on ～）（～に）着手する，乗り込む
1643,thrust,[他] ①～を強く押しつける ②（刃物で）～を突き刺す
1644,penetrate,[他] ①～に入り込む ②～を貫通する [自] ③貫通する，入る
1645,intrude,[自] （on～）（～に）立ち入る
1646,evade,[他] ～を逃れる
1647,utilize,[他] ～を利用する
1648,spin,[自] ①ぐるぐる回る [他] ②～を回す ③～を紡ぐ
1649,plunge,[自] ①（into ～）（～に）突っ込む [他] ②（A into B）（A）を（B に）突っ込む
1650,rattle,[自] ①ガタガタ鳴る [他] ②～を鳴らす [名] ③ガラガラ
1651,vanish,[自] 消える
1652,cease,[他] （to do［doing］）～しなくなる
1653,haste,[名] 急ぐこと〈不可算〉
1654,conceal,[他] ～を隠す
1655,disguise,[他] ①～を（偽装して）隠す ②（oneself as ～）～に変装する [名] ③変装
1656,coincide,[自] ①（with ～）（～と）同時に起きる ②（with ～）（～と）一致する
1657,prevail,[自] ①（考え，習慣などが）普及している ②（最後に人，考えが）優勢となる
1658,sustain,[他] （生命など）を維持する，支える
1659,linger,[自] ①（いつまでも）残る ②（on）長居する
1660,revive,[自] ①生き返る，よみがえる [他] ②～を生き返らせる
1661,resume,[他] ①～を再開する [自] ②再開する [名] ③〈米〉履歴書 ④概要，レジュメ
1662,inspect,[他] ～を検査する
1663,investigate,[他] ①（研究班などが）～を調査する ②（警察が）～を捜査する
1664,detect,[他] ～を探知する，（病気など）を発見する，（うそなど）を見抜く
1665,discern,[他] ～を見分ける
1666,expedition,[名] ①（研究・探求・戦争目的の）探検，遠征 ②探検隊
1667,enroll,[自] ①（in ～）（～に）入学する [他] ②（be －ed）在籍している
1668,discipline,[他] ①～をしつける [名] ②しつけ，規律 ③（学問）分野
1669,cram,[自] ①詰め込み勉強をする [他] ②～を詰め込む [名] ③詰め込み
1670,faculty,[名] ①（生まれ持った）能力 ②（大学の）学部 ③（大学の）全教員
1671,tuition,[名] ①〈米〉授業料 ②（少人数での）授業
1672,diploma,[名] 〈米〉卒業証書
1673,mentor,[他] ①～を指導する [名] ②（会社，大学などでの）指導者
1674,ethic,[名] ①（－s）（社会や職業上の）倫理（観） ②（伝統的に守られた）倫理
1675,astronomy,[名] 天文学
1676,archaeologist,[名] 考古学者
1677,anthropologist,[名] （文化）人類学者
1678,perceive,[他] ①（A as B）（A）を（B だと）認識する ②～を知覚する
1679,grasp,[他] ①～を理解する ②～をつかむ [名] ③理解，つかむこと
1680,conceive,[他] ①～を思い浮かべる ②～を妊娠する [自] ③（of ～）（～を）想像する
1681,anticipate,[他] ①～を予想する ②～を期待する
1682,foresee,[他] ～を予知する
1683,speculate,[自] ①推測する ②（株，土地などに）投機をする
1684,infer,[他] （A from B） （B からA）を推測する
1685,deduce,[他] （A from B） （B からA）を推定する
1686,ponder,[他] ～を熟考する
1687,contemplate,[他] ～を熟考する
1688,assure,[他] ～に保証する，確信させる
1689,assess,[他] ～を評価する，査定する
1690,evaluate,[他] ～を（正しく）評価する
1691,verify,[他] （事実かどうか）を確かめる，検証する
1692,compromise,[自] ①（with ～）（～と）妥協する [他] ②（主義など）を曲げる [名] ③妥協
1693,reconcile,[他] ①（A with B）（A）を（B と）調和させる，和解させる ②（oneself to ～）（～を）仕方なく受け入れる
1694,alert,[形] ①油断のない，用心深い [名] ②（公的な）警告
1695,stereotype,[名] 固定観念
1696,perspective,[名] ①（経験などで得られる）視点〈可算〉 ②（大局的な）見方，遠近法〈不可算〉
1697,prospect,[名] 見通し
1698,vow,[名] ①誓い [他] ②～を誓う
1699,intuition,[名] 直観
1700,illusion,[名] 幻想
1701,criterion,[名] 基準
1702,tolerate,[他] ～を大目に見る，我慢する
1703,overlook,[他] ①～を（うっかり）見落とす ②（人の欠点やミスなど）を見逃す，大目に見る ③（場所が）～を見渡す
1704,grain,[名] ①穀物 ②粒，少量
1705,drought,[名] 干ばつ
1706,irrigation,[名] 灌漑
1707,spectacle,[名] ①（きわめて印象的な）光景 ②（大がかりな）見せ物
1708,altitude,[名] 標高，高度
1709,catastrophe,[名] 大災害，災難
1710,decay,[名] ①腐敗 [自] ②腐敗する，衰える
1711,erosion,[名] 侵食
1712,flame,[名] 炎
1713,galaxy,[名] 銀河
1714,meteor,[名] 流星，隕石
1715,chill,[名] ①寒気 [他] ②～を冷やす
1716,meadow,[名] 草地，牧草地
1717,exploit,[他] ①（自然の力など）を利用する ②～を搾取する
1718,contaminate,[他] ～を汚染する
1719,erupt,[自] （火山が）噴火する
1720,evaporate,[自] 蒸発する
1721,fertile,[形] 肥沃な，肥えた
1722,roar,[自] ①ほえる [名] ②うなり声，怒号，轟音
1723,inhabit,[他] ～に生息している，ある
1724,nurture,[他] ①～を育てる [名] ②養育，教育
1725,owl,[名] フクロウ
1726,instinct,[名] 本能
1727,prey,[名] ①餌食 [自] ②（on ～）餌食にする
1728,timber,[名] （主に〈英〉）材木
1729,fabric,[名] ①布地，織物 ②組織，構造
1730,textile,[名] ①織物 [形] ②織物の
1731,weave,[他] ①～を織る ②～を編む
1732,competent,[形] 有能な
1733,optimistic,[形] 楽観的な
1734,patriotic,[形] 愛国的な
1735,naughty,[形] いたずらな
1736,vigorous,[形] ①（人，活動が）精力的な ②活発な
1737,solitary,[形] ①（人が）孤高の ②ただひとつの
1738,vulgar,[形] ①（人，行動が）品がない ②（冗談などが）卑わいな
1739,skeptical,[形] 懐疑的な
1740,haunt,[他] ①（亡霊，考えなどが）～につきまとう，出没する [名] ②好んで行く場所，たまり場
1741,obsessed,[形] （with［by］ ～）（～に）取りつかれて，頭が一杯で
1742,intent,[形] ①（on ～）（～に）没頭した，決心した [名] ② 意図
1743,indulge,[自] ①（in ～）（～に）ふける [他] ② ～を思いのままにさせる
1744,cling,[自] （to ～）（～に）固執する，しがみつく
1745,flaw,[名] 欠陥
1746,defect,[名] 欠陥
1747,trait,[名] 特性
1748,analogy,[名] 類似点，例え
1749,parallel,[名] ①類似（物） [形] ②（to ～）（～と）平行の，類似した
1750,crucial,[形] 重大な
1751,primary,[形] ①主な，第1 の ②初期の，原始の
1752,integral,[形] ①不可欠な ②完全な
1753,vital,[形] 不可欠な，きわめて重要な
1754,profound,[形] 深い
1755,grim,[形] （状況などが）厳しい
1756,fierce,[形] ①（競争，嵐などが）激しい ② どう猛な
1757,harsh,[形] 厳しい
1758,savage,[形] （とても）容赦ない，どう猛な
1759,acute,[形] ①深刻な ②鋭い ③急性の
1760,ambiguous,[形] 曖昧な
1761,obscure,[形] ①ぼやけた，わかりにくい ②無名の
1762,misleading,[形] 誤解を招く，紛らわしい
1763,straightforward,[形] ①（方法などが）わかりやすい ②（人や行動が）率直な
1764,explicit,[形] （発言や文章などが）明確な
1765,sophisticated,[形] ①（機械，システムが）高度な ② 洗練された，教養のある
1766,ingenious,[形] 独創的な
1767,decent,[形] まともな，きちんとした
1768,thrive,[自] ①（会社などが）好調である，繁栄する ②（動［植］物などが）健康に育つ
1769,wit,[名] 機知，機知に富んだ人
1770,affluent,[形] 裕福な
1771,elaborate,[形] ①手の込んだ，凝った [他] ②～を苦労して作り上げる [自] ③（on ～）（～を）詳しく話す
1772,prompt,[形] ①迅速な [他] ②～に促す
1773,swift,[形] 素早い
1774,mighty,[形] 強力な
1775,renowned,[形] 有名な
1776,dim,[形] ①薄暗い ②（記憶などが）ぼんやりした [他] ③ ～を暗くする
1777,gloomy,[形] ①薄暗い ②陰気な，悲観的な
1778,barren,[形] 不毛な
1779,idle,[形] ①（仕事がなく）何もしていない ② 怠惰な [他] ③（away）（～を）何もしないでいる
1780,tiresome,[形] 退屈な，うんざりする
1781,static,[形] 静的な，（経済などで）変化のない，活気のない
1782,clumsy,[形] 無器用な
1783,ignorant,[形] 無知の
1784,reckless,[形] 無謀な
1785,arbitrary,[形] 独断的な，勝手な
1786,foul,[形] ①（味，臭いなどが）不快な [名] ②（スポーツなどの）違反，ファウル
1787,shabby,[形] みすぼらしい，おんぼろの
1788,monotonous,[形] 単調な
1789,crude,[形] ①粗末な，粗野な ②加工されていない
1790,fragile,[形] 壊れやすい，もろい
1791,vulnerable,[形] ①傷つきやすい，弱い ②（非難，攻撃を）受けやすい，（病気に）かかりやすい
1792,rust,[名] ①さび [自] ②さびる
1793,plight,[名] 窮状，苦境
1794,conventional,[形] 従来の，慣習的な
1795,innate,[形] （才能などが）先天的な，生まれつきの
1796,exotic,[形] ①（動［植］物が）外来の ②異国情緒のある
1797,tame,[形] ①飼い慣らされた，従順な [他] ②～を飼い慣らす
1798,solemn,[形] ①（場所，祝祭が）厳粛な，（音楽が）荘厳な ②（態度が）真面目な
1799,manifest,[形] ①明らかな [他] ②（姿勢，感情など）を明らかにする
1800,dense,[形] 密集した，（霧などが）濃い
1801,superficial,[形] 表面的な
1802,transparent,[形] 透明な
1803,consistent,[形] ①（with ～）矛盾のない，一致している ②安定した，不変の
1804,coherent,[形] 一貫している
1805,universal,[形] 普遍的な
1806,upright,[副] ①直立して [形] ②直立した
1807,underlying,[形] 根底にある
1808,spontaneous,[形] 自然発生的な
1809,mock,[形] ①模擬の，見せかけの [他] ②（からかって）～をまねる ③～をあざける
1810,liable,[形] ①（to do）～しがちだ ②（to ～）（病気などに）かかりやすい ③（for ～）（～に対して）（法的に）責任がある
1811,converse,[名] ①正反対 [形] ②正反対の [自] ③（with ～）（～と）会話する
1812,preliminary,[形] ①予備的な，事前の ②予選の [名] ③予選
1813,version,[名] ①（個人的な）解釈，意見 ②（製品などの）～版
1814,indigenous,[形] （動［植］物，民族が）固有の
1815,decline,[自] ①減る，衰退する [他] ②～を断る [名] ③ 衰退，減少
1816,multiply,[他] ①～を増やす ②（A by B）（A）に（B を）掛ける [自] ③増える
1817,soar,[自] ①（価格，温度が）急上昇する ②（鳥が）舞い上がる
1818,accumulate,[他] ①～を蓄積する [自] ② 蓄積する
1819,exceed,[他] ～を越える
1820,abundant,[形] 豊富な
1821,ample,[形] 豊富な
1822,gross,[形] ①総計の ②（食べ物，行動などが）ひどい
1823,infinite,[形] 無限の
1824,sole,[形] ①唯一の [名] ②足の裏，靴底
1825,heap,[名] ①山 ②（a － of ～）たくさんの～
1826,fraction,[名] ①少量 ②分数，端数
1827,simultaneous,[形] 同時の
1828,medieval,[形] 中世の
1829,decade,[名] 10年
1830,dawn,[名] ①夜明け [自] ②夜が明ける ③（on ～）（～に）わかり始める
1831,span,[名] ①（継続した）期間 ②（集中力，注意力，機械の持続）期間
1832,expire,[自] 期限が切れる
1833,postpone,[他] ～を延期する
1834,equip,[他] ①～を装備させる，備え付ける ②（人）に（知識や能力などを）身につけさせる
1835,transmit,[他] ①～を送る，伝える ②（病気など）をうつす
1836,endow,[他] ～を授ける
1837,inherit,[他] ～を受け継ぐ
1838,retrieve,[他] ①～を回収する，取り戻す ②（ファイルなど）を検索する
1839,displace,[他] ① ～に取って代わる ②（戦争，災害などで）～を（故郷などから）追い出す
1840,bond,[名] ①きずな ②公債，社債
1841,ornament,[名] （小さな）飾り，置物
1842,certificate,[名] 証明書，免許状，鑑定書
1843,accommodation,[名] （〈米〉－s）宿泊施設
1844,intersection,[名] 交差点
1845,pavement,[名] （主に〈英〉）歩道
1846,pedestrian,[名] 歩行者
1847,excursion,[名] 小旅行，遠足
1848,itinerary,[名] 旅程（表）
1849,token,[名] ①（as a － of）（～の）しるし（として） ②（バスなどで使われる）代用硬貨，トークン ③〈英〉商品引換券
1850,detergent,[名] 洗剤
1851,purchase,[他] ①～を購入する [名] ②購入（品）
1852,dwell,[自] ①住む ②（on ～）（～をくどくど）考える
1853,juvenile,[形] 青少年の
1854,adolescent,[名] ①思春期の若者 [形] ②思春期の
1855,initial,[形] ①最初の [名] ②頭文字，イニシャル
1856,precede,[他] ～に先行する
1857,phase,[名] 段階
1858,priority,[名] 優先（事項）
1859,premise,[名] ①前提 ②（－s）（建物を含めた）敷地
1860,legend,[名] ①伝説，言い伝え ②伝説的人物
1861,masterpiece,[名] 傑作
1862,ritual,[名] ①（宗教的）儀式 [形] ②儀式の
1863,worship,[名] ①崇拝，礼拝 [他] ②～を崇拝する [自] ③（神社などに）お参りする
1864,advent,[名] ①到来 ②（the A－）キリストの降臨
1865,swear,[自] ①誓う ②罵る
1866,confess,[自] ①（to ～）（～を）白状する [他] ②～を認める
1867,verbal,[形] 言葉による
1868,oral,[形] ①口述の ②口の
1869,eloquent,[形] 雄弁な
1870,linguistic,[形] 言語の，言語学の
1871,plot,[名] ①（小説，演劇などの）筋 ②悪だくみ，陰謀
1872,draft,[名] ①下書き，草稿 [他] ②～を徴兵する [形] ③（－ beer）生の（ビール）
1873,statement,[名] ①述べたこと，声明 ②（給与などの）明細書
1874,paradox,[名] 逆説
1875,slang,[名] （集合的に）俗語
1876,riddle,[名] なぞなぞ，謎
1877,clarify,[他] ～を明らかにする
1878,exhibit,[他] ①～を展示する ②～を示す [名] ③展示物，展覧会
1879,portray,[他] ～を描く
1880,attribute,[他] ①（A to B） （A）を（B）のせいだとする [名] ②特性，属性
1881,console,[他] ～を慰める
1882,arouse,[他] ～を呼び起こす
1883,distract,[他] ①（注意，意識など）をそらす ②～の気を紛らす
1884,plead,[自] ①（with ～）（～に）懇願する [他] ②～を申し立てる
1885,yearn,[自] ①切望する [他] ②～を切望する
1886,long,[自] （for ～）（～を）切望する
1887,adore,[他] ～を熱愛している
1888,utter,[他] ①（叫び声など）を発する [形] ②まったくの
1889,exclaim,[自] （驚き，怒りなどで）叫ぶ
1890,lament,[他] ～を深く悲しむ，嘆く
1891,shed,[他] ①（涙など）を流す ②（光）を当てる ③～を取り除く ④（ヘビなどが）（皮）を脱ぐ，（木が葉っぱ）を落とす
1892,resent,[他] ～に憤慨する
1893,dread,[他] ①～を恐れる [名] ②恐怖
1894,startle,[他] ～を驚かせる
1895,thrill,[他] ①～をぞくぞく［わくわく］させる [名] ②スリル
1896,humiliate,[他] ～に恥をかかせる
1897,blush,[自] ①赤面する [名] ②赤面
1898,frown,[自] ①（on ～）（～に）眉をひそめる [名] ②しかめっ面
1899,dismay,[他] ①～を狼狽させる [名] ②狼狽
1900,bewilder,[他] （通例，受け身）～を当惑させる
1901,perplex,[他] ～を困惑させる
1902,disgust,[他] ①～に嫌悪を抱かせる [名] ②嫌悪
1903,despise,[他] ～を軽蔑する
1904,furious,[形] 激怒した
1905,intimate,[形] ①親密な ②（知識などが）深い
1906,intriguing,[形] 興味深い
1907,conscience,[名] 良心
1908,self-esteem,[名] 自尊心
1909,mercy,[名] ①慈悲，情け ② 幸運
1910,aspiration,[名] 熱望
1911,grief,[名] （人の死などに対する）深い悲しみ
1912,distress,[名] ①苦しみ，苦難 [他] ②～を苦しめる
1913,apprehension,[名] ①不安 ②逮捕
1914,melancholy,[名] 憂うつ，ふさぎ込み
1915,contempt,[名] 軽蔑
1916,insult,[名] ①侮辱 [他] ②～を侮辱する
1917,nuisance,[名] 迷惑（になるもの）
1918,menace,[名] （to ～）（～にとっての）厄介なもの［人］，脅威
1919,verge,[名] ①瀬戸際，寸前 ② 道路べり，（場所の）縁
1920,incentive,[名] 励み
1921,outcome,[名] 結果
1922,thorough,[形] 完全な，徹底的な
1923,adequate,[形] 十分な，適切な
1924,overall,[形] ①全体的な，全面的な [副] ②全体的に，全面的に
1925,ultimate,[形] 究極の，最終の
1926,genuine,[形] ①（感情が）心からの ②（絵画などが）本物の
1927,radical,[形] ①根本的な，抜本的な ②過激な
1928,drastic,[形] 抜本的な，思い切った
1929,trivial,[形] ささいな
1930,virtually,[副] 事実上
1931,abruptly,[副] 不意に，突然
1932,deliberately,[副] ①故意に ②慎重に
1933,hence,[副] だから，それゆえに
1934,namely,[副] すなわち
1935,whereas,[接] ～だが一方
